brain_state,confidence_score
3,0.9962624
3,0.99705386
3,0.9971335
3,0.9953512
3,0.9928127
3,0.9940177
3,0.9954698
3,0.99195546
3,0.9952905
3,0.9971697
3,0.99723464
3,0.99805105
3,0.9983479
3,0.9973877
3,0.99818605
3,0.9987186
3,0.99601966
3,0.9963909
3,0.99352443
2,0.99183184
2,0.9976568
2,0.99746144
2,0.9970059
3,0.9868731
3,0.99148625
3,0.99695075
3,0.9985098
3,0.9985274
3,0.9971488
3,0.997407
3,0.997735
3,0.9956654
3,0.99700266
3,0.99607134
3,0.9957301
3,0.99363315
3,0.9977182
3,0.9982158
3,0.99511683
3,0.9983565
3,0.9994216
3,0.99949646
3,0.9990243
3,0.9981832
3,0.9973527
3,0.9970626
3,0.99686253
3,0.96985584
2,0.99952877
2,0.9999615
2,0.9999875
2,0.9999963
2,0.99999523
2,0.99998033
2,0.9999795
2,0.9999807
2,0.99998784
2,0.9999833
2,0.9999795
2,0.99998915
2,0.99996805
2,0.99989295
2,0.9998981
2,0.99980026
2,0.99980277
2,0.99956626
2,0.99977547
2,0.9993641
2,0.9973239
2,0.99387795
2,0.999146
2,0.9994727
2,0.99883205
2,0.9899955
2,0.98519415
3,0.9860486
3,0.98546404
3,0.99637115
3,0.9965486
3,0.99313086
3,0.9940805
3,0.99658966
3,0.99659294
3,0.9960601
3,0.99736065
3,0.9969547
3,0.9975055
3,0.9979948
3,0.9971608
3,0.99661833
3,0.99581486
3,0.9979627
3,0.996391
3,0.9954882
3,0.9970061
3,0.9964395
3,0.99667335
3,0.99288917
3,0.9947286
3,0.9926621
3,0.98733413
3,0.9908943
3,0.99666995
3,0.9970873
3,0.9953673
3,0.99626935
3,0.9957801
3,0.992642
3,0.9911377
3,0.99102813
3,0.9751525
2,0.9690271
2,0.97100496
3,0.97563386
2,0.95998013
2,0.99128014
2,0.9887167
3,0.9777067
3,0.9918859
3,0.99275464
3,0.99337196
3,0.99708456
3,0.9969112
3,0.99470323
3,0.9933478
3,0.9971554
3,0.99320686
3,0.99149674
3,0.99715096
3,0.9987166
3,0.9988116
3,0.9975667
3,0.9965455
3,0.995631
3,0.98777753
3,0.98798835
3,0.99656445
3,0.9832386
2,0.9715768
2,0.9787933
3,0.98992795
3,0.9940738
3,0.99132216
3,0.992004
3,0.983459
2,0.9935361
2,0.99283266
3,0.9943146
3,0.9950848
3,0.9984952
3,0.9985461
3,0.99858177
3,0.9983442
3,0.99853206
3,0.9984969
3,0.9966697
3,0.9971219
3,0.9966091
3,0.9974771
3,0.9955837
3,0.9897967
3,0.9936051
3,0.9977596
3,0.9981357
3,0.9972013
3,0.99829155
3,0.9988366
3,0.9977889
3,0.99663395
3,0.9973163
3,0.99731666
3,0.9952062
2,0.9735367
2,0.98839486
2,0.98495376
2,0.9787703
3,0.99132127
3,0.98058206
3,0.9727529
3,0.9847895
3,0.99000716
2,0.96152043
2,0.9877236
2,0.9944886
2,0.9879408
2,0.99893373
2,0.99823797
2,0.98651
3,0.98648447
3,0.98493576
3,0.99216074
3,0.98526996
3,0.98714024
3,0.99642533
3,0.9960238
3,0.9956814
3,0.9974233
3,0.9973755
3,0.99703205
3,0.9970073
3,0.9980427
3,0.9977361
3,0.9979734
3,0.99658895
3,0.996376
3,0.98762625
2,0.9815704
2,0.99074453
2,0.9895483
2,0.99873453
2,0.99973756
2,0.9998524
2,0.99994016
2,0.99990296
2,0.9999262
2,0.99982625
2,0.9997451
2,0.99766386
2,0.9774918
3,0.9400358
3,0.97569805
3,0.9903786
3,0.9876738
3,0.9936748
3,0.99626464
3,0.9962358
3,0.9976876
3,0.99839103
3,0.9986738
3,0.9978479
3,0.99618775
3,0.99575496
3,0.99776816
3,0.9985342
3,0.9980095
3,0.99694234
3,0.99469155
3,0.99695444
3,0.9899012
3,0.9868666
3,0.99698466
3,0.9980186
3,0.9971527
3,0.99752814
3,0.99750394
3,0.99112433
3,0.9719811
3,0.97510624
3,0.99680066
3,0.9967302
3,0.9954117
3,0.99491185
3,0.99791235
3,0.9979475
3,0.99625456
3,0.99869555
3,0.9991947
3,0.99903274
3,0.99848205
3,0.99610066
3,0.9914112
3,0.97734296
2,0.9710463
2,0.9755098
3,0.98813707
3,0.9923183
3,0.9951586
3,0.9991646
3,0.9984236
3,0.99808073
3,0.9972187
3,0.995961
3,0.9703344
3,0.9829547
3,0.9948702
3,0.9972113
3,0.99752337
3,0.99571383
3,0.9978928
3,0.9988477
3,0.99915004
3,0.9987746
3,0.9988896
3,0.99933225
3,0.99883574
3,0.99873203
3,0.9991703
3,0.9989943
3,0.9983974
3,0.9992899
3,0.9977258
3,0.99792576
3,0.9982784
3,0.99896145
3,0.99824846
3,0.99761415
3,0.9983304
3,0.9988471
3,0.99825925
3,0.9982667
3,0.9959817
3,0.99485356
3,0.9947429
3,0.99504507
3,0.9960387
3,0.9890477
3,0.9801736
3,0.9919451
3,0.9965096
3,0.9978809
3,0.9905155
3,0.9860663
3,0.98419374
3,0.98408127
3,0.98270917
3,0.9877895
3,0.9891908
3,0.99481153
3,0.99167764
3,0.96975136
3,0.97999454
3,0.9941214
3,0.9978956
3,0.9983846
3,0.99632686
3,0.9974617
3,0.9986683
3,0.9986559
3,0.99770254
3,0.9988489
3,0.99935526
3,0.99898475
3,0.99846613
3,0.9989366
3,0.99572587
3,0.99188375
3,0.99646026
3,0.9987901
3,0.99571544
3,0.99740124
3,0.99895537
3,0.9986039
3,0.9970401
3,0.9965005
3,0.9979498
3,0.9984243
3,0.9982495
3,0.9985764
3,0.99869233
3,0.9985446
3,0.9959413
3,0.9960019
3,0.9970976
3,0.99652463
3,0.99106216
3,0.99749714
3,0.99798113
3,0.9965404
3,0.99587435
3,0.9977316
3,0.99697745
3,0.9974502
3,0.9983758
3,0.9986498
3,0.9983182
3,0.9989016
3,0.9985513
3,0.9987778
3,0.99758506
3,0.99835265
3,0.9985972
3,0.9991911
3,0.9988022
3,0.9932719
3,0.9827722
3,0.98466414
3,0.99430484
3,0.9942047
3,0.9953566
3,0.9965306
3,0.9964036
3,0.9985002
3,0.998055
3,0.9964036
3,0.9986015
3,0.9980254
3,0.9978855
3,0.9981591
3,0.99852234
3,0.9979018
3,0.9948665
3,0.99459654
3,0.9728055
3,0.99056655
3,0.9918372
3,0.99429095
3,0.99868006
3,0.99938273
3,0.99938774
3,0.9979081
3,0.9985594
3,0.99637765
3,0.9978194
3,0.9989281
3,0.99902415
3,0.9993137
3,0.99913764
3,0.99862194
3,0.99733955
3,0.99486405
3,0.99693775
3,0.9943711
3,0.9950641
3,0.9956345
3,0.99727625
3,0.99606425
3,0.9943218
3,0.994888
3,0.9964223
3,0.98824126
3,0.9913434
3,0.99796677
3,0.9989768
3,0.9982332
3,0.9977695
3,0.99772066
3,0.99862754
3,0.9989215
3,0.99916375
3,0.9990602
3,0.9985446
3,0.9981895
3,0.99914944
3,0.9987583
3,0.99729365
3,0.9964406
3,0.99707925
3,0.99506253
3,0.99594146
3,0.9954691
3,0.99088305
3,0.974848
3,0.9529937
3,0.94463116
3,0.793448
1,0.93855065
1,0.9674964
1,0.97263044
1,0.9601886
1,0.91006273
1,0.9226757
1,0.9201874
1,0.9305739
1,0.9551894
1,0.9813488
1,0.9852188
1,0.9871132
1,0.99466246
1,0.9950004
1,0.99657357
1,0.9960912
1,0.9958476
1,0.9976441
1,0.9977481
1,0.9963786
1,0.98102194
1,0.9851954
1,0.99209
1,0.9941565
1,0.99600226
1,0.9982449
1,0.9981014
1,0.9985026
1,0.9990114
1,0.99955124
1,0.9996012
1,0.9996551
1,0.9996984
1,0.9974256
1,0.9941446
1,0.99202067
1,0.99117106
1,0.99507976
1,0.9936447
1,0.99742293
1,0.9982399
1,0.99863225
1,0.99889934
1,0.99904484
1,0.99941933
1,0.9994493
1,0.998892
1,0.99927074
1,0.99933237
1,0.9991054
1,0.99889344
1,0.9996118
1,0.9993042
1,0.99832314
1,0.99582714
1,0.99725145
1,0.99329525
1,0.99112004
1,0.9927126
1,0.99337244
1,0.9939917
1,0.9983724
1,0.9978635
1,0.99843055
1,0.99749386
1,0.9986004
1,0.9991941
1,0.99903166
1,0.9997038
1,0.99968624
1,0.9998018
1,0.9997639
1,0.99981886
1,0.99975175
1,0.99972445
1,0.9997161
1,0.9998393
1,0.9998098
1,0.99965394
1,0.9993266
1,0.99915874
1,0.9987657
1,0.99506265
2,0.9549521
2,0.9994948
2,0.9993174
2,0.98919654
2,0.9801925
2,0.9613169
2,0.9391629
2,0.92918223
3,0.9468488
2,0.9332341
2,0.9753092
2,0.9812136
2,0.9935528
2,0.99908805
2,0.99865746
2,0.9654723
3,0.9870706
3,0.9938891
3,0.9970642
3,0.99798846
3,0.99795866
3,0.99842834
3,0.9988782
3,0.9989838
3,0.99405354
3,0.9854902
3,0.9824394
3,0.98781335
3,0.98779804
3,0.9858914
3,0.979091
3,0.96593195
3,0.97385603
3,0.9879908
3,0.9898553
3,0.9943803
3,0.99308103
3,0.99548584
3,0.9932702
3,0.977075
2,0.9593017
3,0.97180814
3,0.9919906
3,0.99596596
3,0.9933252
3,0.9951316
3,0.9975337
3,0.9958514
3,0.9926271
3,0.9962889
3,0.9970763
3,0.997422
3,0.9983903
3,0.99852246
3,0.99641657
3,0.9968508
3,0.9948508
3,0.961314
3,0.9624988
3,0.955165
3,0.9906943
3,0.996962
3,0.9971288
3,0.994764
3,0.99714655
3,0.9985784
3,0.9970765
3,0.9850108
3,0.9847072
3,0.9931554
3,0.99414355
3,0.9942027
3,0.9930108
3,0.98848045
3,0.9952726
3,0.9861437
2,0.95921403
2,0.9309779
2,0.9532127
2,0.97452354
2,0.9691684
3,0.9829282
3,0.9812184
3,0.9778035
3,0.9940714
3,0.99800736
3,0.99900407
3,0.99852896
3,0.9983883
3,0.99800867
3,0.99716216
3,0.9963058
3,0.9941527
2,0.975076
2,0.98939496
2,0.99332714
2,0.99271566
3,0.9908139
3,0.9954829
3,0.99700123
3,0.99833655
3,0.99723697
3,0.9978885
3,0.9988096
3,0.99695754
3,0.9923362
3,0.98437506
3,0.99340796
3,0.9944003
3,0.9958609
3,0.9965977
3,0.99688244
3,0.9982035
3,0.9982547
3,0.9977465
3,0.99353033
3,0.99009913
3,0.99234664
3,0.9966587
3,0.9968267
3,0.9973672
3,0.99870205
3,0.99800783
3,0.9968129
3,0.9974788
3,0.99755645
3,0.9958931
3,0.997375
3,0.9989126
3,0.99872476
3,0.9982911
3,0.99726737
3,0.99759597
3,0.9940088
3,0.9891944
3,0.9883631
3,0.989071
3,0.9764757
3,0.98485017
3,0.9886867
3,0.9928023
3,0.98502076
3,0.9791622
3,0.9750074
3,0.9831061
3,0.99587893
3,0.9890031
3,0.996061
3,0.9618071
3,0.96314657
3,0.9840253
3,0.9959109
3,0.99672085
3,0.997065
3,0.99702424
3,0.9919674
3,0.99119043
3,0.99509144
3,0.9944424
3,0.9869676
3,0.984423
3,0.9890838
3,0.99497354
3,0.98850805
3,0.9605737
3,0.98381895
3,0.9823513
3,0.9823208
3,0.97750217
3,0.98760474
3,0.984371
3,0.984649
3,0.97131526
2,0.9780049
2,0.9806209
2,0.979887
3,0.9936765
3,0.99693775
3,0.9976533
3,0.9988092
3,0.9991737
3,0.99920505
3,0.99920684
3,0.99876213
3,0.9988172
3,0.9986791
3,0.99769884
3,0.9936293
3,0.9898129
3,0.98200274
3,0.9625128
2,0.9945576
2,0.9992969
2,0.9993856
2,0.9865479
2,0.97894454
3,0.9888537
3,0.9954555
3,0.9971873
3,0.9992143
3,0.9993793
3,0.99881065
3,0.99864584
3,0.9991819
3,0.998863
3,0.99914134
3,0.9988256
3,0.99952567
3,0.9996487
3,0.998563
3,0.9977436
3,0.99647164
3,0.99760383
3,0.9954513
3,0.99404365
3,0.9902367
2,0.96385616
2,0.99088216
2,0.9955515
2,0.99159676
3,0.9826727
3,0.99359554
3,0.997701
3,0.9976163
3,0.9977818
3,0.9978381
3,0.99730825
3,0.9866172
2,0.99428445
2,0.9969312
2,0.9833883
3,0.9902956
3,0.98897445
3,0.9769359
3,0.9879497
3,0.9918739
3,0.9939276
3,0.9966233
3,0.99793506
3,0.9980269
3,0.997924
3,0.99817383
3,0.9953714
3,0.99474394
3,0.9963068
3,0.9963433
3,0.99285114
2,0.9586554
2,0.9879144
2,0.9748511
3,0.9913879
3,0.98810965
3,0.98031086
3,0.9875665
3,0.9936977
3,0.9876479
3,0.9899115
3,0.9970112
3,0.9949121
3,0.99582434
3,0.9964736
3,0.9981603
3,0.99742246
3,0.9968923
3,0.99148625
3,0.99504155
3,0.9964587
3,0.98706925
2,0.9644853
3,0.96917397
3,0.99317485
3,0.9984464
3,0.9965581
3,0.9940322
3,0.98756856
2,0.9854499
3,0.9936865
3,0.98992306
3,0.9918761
3,0.99281925
3,0.9979919
3,0.98848945
2,0.93101674
3,0.96218723
3,0.99762064
3,0.9983657
3,0.9991991
3,0.9991136
3,0.99894184
3,0.99850583
3,0.9942188
3,0.99564016
3,0.98578805
3,0.98514473
2,0.97503406
2,0.99958223
2,0.99987173
2,0.9998171
2,0.99982905
2,0.99915516
2,0.96015275
3,0.9596284
3,0.9919327
3,0.99562484
3,0.99603844
3,0.996051
3,0.99850225
3,0.9954869
3,0.99005985
3,0.9955651
3,0.9992418
3,0.99882597
3,0.99916553
3,0.9993024
3,0.99928266
3,0.9992975
3,0.99915016
3,0.99856853
3,0.99874336
3,0.9988882
3,0.99763
3,0.9974131
3,0.9981816
3,0.99851507
3,0.99610424
3,0.9944718
3,0.9980451
3,0.9980774
3,0.9964122
3,0.9929716
3,0.9896808
3,0.99082303
3,0.99180835
3,0.99749386
3,0.9983662
3,0.9985129
3,0.999268
3,0.9992322
3,0.9988397
3,0.99877113
3,0.99843115
3,0.99752337
3,0.996765
3,0.99369276
3,0.99471927
3,0.9954266
3,0.99225825
3,0.98078567
3,0.98288673
3,0.9415511
2,0.94367826
2,0.93474674
3,0.9598013
3,0.9857566
3,0.9837458
3,0.9926791
3,0.9820046
3,0.9393226
3,0.92138875
3,0.96546346
3,0.9943258
3,0.9938135
3,0.99647564
3,0.9984043
3,0.99934465
3,0.99842453
3,0.9972621
3,0.99672663
3,0.99706084
3,0.9968065
3,0.9977932
3,0.9964317
3,0.98467743
3,0.9891468
3,0.99586344
3,0.9961403
3,0.9926292
3,0.9906983
3,0.9823254
2,0.9773323
2,0.96723145
3,0.9697604
3,0.9924792
3,0.99612564
3,0.997163
3,0.9983005
3,0.99891853
3,0.9996828
3,0.9996056
3,0.9993
3,0.99903226
3,0.9991177
3,0.9996686
3,0.99864775
3,0.9722323
2,0.9760778
3,0.97595584
3,0.9953839
3,0.9902907
3,0.97308683
2,0.97097415
2,0.97671014
2,0.93499357
3,0.9892813
3,0.9937033
3,0.9974866
3,0.9989427
3,0.9993069
3,0.9990113
3,0.9993117
3,0.99937326
3,0.998401
3,0.99760747
3,0.9983791
3,0.998494
3,0.9945074
3,0.984394
3,0.98943466
3,0.99293715
3,0.9974177
3,0.99779594
3,0.9984515
3,0.9987766
3,0.9963283
3,0.9936818
3,0.99101347
3,0.9792691
3,0.98395616
3,0.9930332
3,0.9920055
3,0.99421495
3,0.99194556
3,0.9797365
3,0.98289317
3,0.99387
3,0.9920076
3,0.9938508
3,0.99750227
3,0.9970878
3,0.99852186
3,0.9993493
3,0.9988839
3,0.99699223
3,0.9974619
3,0.9971234
3,0.99778855
3,0.99684036
3,0.99477106
3,0.9850189
2,0.9638386
2,0.98268676
2,0.99855775
2,0.9988908
2,0.99374217
3,0.9854537
2,0.9594232
3,0.97717494
3,0.9867785
3,0.99004936
3,0.9934198
3,0.9946585
3,0.9958366
3,0.99797565
3,0.9985909
3,0.9982905
3,0.99931884
3,0.9984276
3,0.9961712
3,0.9969584
3,0.99701285
3,0.9974578
3,0.99665856
3,0.9671892
3,0.98071474
3,0.99152863
3,0.9980987
3,0.9978132
3,0.9973604
3,0.9969298
3,0.9964122
3,0.9963904
3,0.99245864
3,0.9961236
3,0.99669456
3,0.99875844
3,0.9983369
3,0.9989466
3,0.99862945
3,0.99881727
3,0.9985897
3,0.99360055
3,0.9926972
3,0.99624485
3,0.99757737
3,0.9942648
3,0.98659384
3,0.98654884
3,0.9852872
3,0.9672222
1,0.83946353
1,0.9650453
1,0.9946509
1,0.9971085
1,0.99776447
1,0.9982982
1,0.99572563
1,0.99221075
1,0.979087
1,0.9284298
1,0.8231367
1,0.7283214
1,0.83145726
1,0.9204253
1,0.96891016
1,0.98454803
1,0.9893701
1,0.99079585
1,0.9911919
1,0.99813193
1,0.9985543
1,0.9992632
1,0.99956685
1,0.999856
1,0.9997836
1,0.9997079
1,0.9997271
1,0.9996032
1,0.99895704
1,0.9992405
1,0.9990883
1,0.9992137
1,0.9990897
1,0.9990017
1,0.9970901
1,0.9787113
2,0.9977586
2,0.9993007
2,0.99787116
2,0.9765278
3,0.9856431
3,0.99494344
3,0.99696296
3,0.9985532
3,0.99915075
3,0.99918693
3,0.9992706
3,0.99912626
3,0.99667335
3,0.9657534
3,0.95165235
3,0.9975472
3,0.9970235
3,0.99701643
3,0.9984407
3,0.9985996
3,0.9984211
3,0.99802667
3,0.9979831
3,0.99675745
3,0.9918093
3,0.92908275
2,0.97602344
2,0.9894359
2,0.9984144
2,0.9975466
2,0.9919876
3,0.9837622
3,0.9960102
3,0.999005
3,0.9992144
3,0.99945384
3,0.9994011
3,0.99854326
3,0.99912685
3,0.99737656
3,0.9978263
3,0.9981371
3,0.998078
3,0.9985096
3,0.9987204
2,0.965538
2,0.9913988
2,0.99269533
2,0.97162735
3,0.9784847
3,0.993148
3,0.99683017
3,0.99809426
3,0.99794894
3,0.9978765
3,0.9985251
3,0.9968009
3,0.99785787
3,0.99670756
3,0.9964941
3,0.9973277
3,0.99456006
3,0.9935866
3,0.99781835
3,0.9946365
3,0.9922671
3,0.9976005
3,0.99622077
3,0.9927349
3,0.9940612
3,0.99714345
3,0.9684721
2,0.96869266
2,0.94626105
2,0.95143217
2,0.9567242
2,0.95963895
3,0.98175216
3,0.9960711
3,0.998497
3,0.999468
3,0.9989889
3,0.9968681
3,0.99677926
3,0.9970626
3,0.99800473
3,0.9369394
2,0.9975095
2,0.9945147
2,0.98321253
3,0.9903718
3,0.9936412
3,0.99521327
3,0.9985285
3,0.9992366
3,0.9988294
3,0.9984086
3,0.99905163
3,0.9991315
3,0.9980051
3,0.9971463
3,0.99722123
3,0.9943357
3,0.9954039
3,0.9881793
2,0.962889
2,0.98109585
2,0.9682648
3,0.98934734
3,0.99296933
3,0.99173003
3,0.9928631
3,0.99601895
3,0.997431
3,0.9980007
3,0.99816185
3,0.9988372
3,0.9988348
3,0.99959487
3,0.99944204
3,0.9986393
3,0.9983242
3,0.99882776
3,0.9994567
3,0.99924135
3,0.9992298
3,0.99968255
3,0.99967074
3,0.9982729
3,0.99658954
3,0.9972173
3,0.9899687
2,0.97077024
2,0.9863483
2,0.9877171
2,0.9834373
2,0.97590774
3,0.98780733
3,0.9961463
3,0.99525815
3,0.9976909
3,0.9990447
3,0.9990101
3,0.99914134
3,0.9991259
3,0.9989968
3,0.99848455
3,0.9990081
3,0.99930024
3,0.9985923
3,0.99794406
3,0.99790835
3,0.99760145
3,0.99270517
3,0.99442494
3,0.99342644
3,0.9977234
3,0.998382
3,0.99887115
3,0.99921834
3,0.99914
3,0.9988632
3,0.9960283
3,0.99643207
3,0.9975483
3,0.9920346
3,0.982476
3,0.98095256
3,0.9854693
3,0.9943281
3,0.9934795
3,0.9840747
3,0.9847682
3,0.9965731
3,0.9952702
3,0.9915466
3,0.99522793
3,0.99841464
3,0.99688065
3,0.99784195
3,0.9991943
3,0.99886596
3,0.99832374
3,0.99858606
3,0.99896467
3,0.99861765
3,0.99664474
3,0.9965005
3,0.9964857
3,0.99812204
3,0.9974486
3,0.995034
3,0.99185747
3,0.99227715
3,0.9859248
3,0.9752759
3,0.9897858
3,0.9806265
3,0.95740396
3,0.9593704
2,0.9343151
3,0.946938
3,0.9864616
3,0.99297464
3,0.98057634
3,0.96813804
3,0.97938675
3,0.9919329
3,0.9906962
3,0.9807122
3,0.9866846
3,0.99513936
3,0.99166733
3,0.9929264
3,0.97752076
2,0.9821092
2,0.98100626
2,0.9936063
2,0.9994808
2,0.99992347
2,0.9999739
2,0.99999225
2,0.9999765
2,0.9999728
2,0.9999784
2,0.99988914
2,0.9970912
3,0.98032206
3,0.95944357
2,0.9468533
3,0.9752204
3,0.99492705
3,0.99922097
3,0.99915516
3,0.9983499
3,0.9986759
3,0.9988877
3,0.9986002
3,0.9976165
3,0.98836935
3,0.965675
3,0.9691908
3,0.98610306
3,0.9966127
3,0.99240535
3,0.99569726
3,0.9958384
3,0.99661547
3,0.99754447
3,0.9976998
3,0.9987863
3,0.99865484
3,0.9980817
3,0.9976687
3,0.99618196
3,0.9941235
3,0.9952182
3,0.9864954
3,0.9533195
3,0.9811389
3,0.9930369
3,0.99806625
3,0.9975206
3,0.9979213
3,0.9991756
3,0.99886596
3,0.99837327
3,0.99717546
3,0.9982461
3,0.99745375
3,0.99734735
3,0.99751234
3,0.99853015
3,0.9988695
3,0.9987785
3,0.9987135
3,0.9989759
3,0.99857473
3,0.9985158
3,0.99808216
3,0.9975091
3,0.99547666
3,0.9802403
3,0.98427355
3,0.97061443
2,0.9749859
2,0.99624807
2,0.99779105
2,0.9895761
2,0.9680608
3,0.98615426
3,0.9844396
3,0.9841337
3,0.9931163
3,0.9978173
3,0.9982102
3,0.997644
3,0.9978823
3,0.99852955
3,0.9991246
3,0.9982495
3,0.9982773
3,0.99411833
3,0.9967976
3,0.9988918
3,0.9993358
3,0.99931335
3,0.9988881
3,0.99904305
3,0.99931324
3,0.9972779
3,0.97093415
3,0.9712687
3,0.98027575
3,0.9708429
3,0.9897165
3,0.9954202
3,0.9946228
3,0.9933382
3,0.9968443
3,0.9969104
3,0.99665654
3,0.997677
3,0.9967258
3,0.9978198
3,0.99826056
3,0.9984831
3,0.99872595
3,0.9987797
3,0.99900335
3,0.9979036
3,0.99798137
3,0.9980526
3,0.99725133
3,0.99390817
3,0.98822695
3,0.993849
3,0.9931839
3,0.99422
3,0.9910342
3,0.98830867
3,0.9731722
3,0.9206021
1,0.9247357
1,0.9863274
1,0.99542564
1,0.9975803
1,0.9976769
1,0.9956982
1,0.9951622
1,0.9930489
1,0.98752826
1,0.98122877
1,0.9854553
1,0.9868587
1,0.9926807
1,0.9925532
1,0.9932499
1,0.9940025
1,0.948493
1,0.86960346
2,0.8961638
2,0.9471487
2,0.996119
2,0.9983224
2,0.9678771
2,0.8822027
3,0.9103715
3,0.9793671
3,0.97922796
3,0.9866955
3,0.9934988
3,0.9972217
3,0.9948849
3,0.9862331
3,0.9912349
3,0.9977762
3,0.99720395
3,0.99688256
3,0.9945799
3,0.9950675
3,0.99123037
3,0.9973152
3,0.9965976
3,0.9991702
3,0.99901974
3,0.99905246
3,0.99852365
3,0.9994454
3,0.9994869
3,0.9987569
3,0.99899954
3,0.9965899
3,0.99731606
3,0.99433136
2,0.98283076
2,0.99579656
2,0.99435306
2,0.95259446
2,0.92236966
2,0.97150654
2,0.9716391
2,0.997903
2,0.9996691
2,0.9999194
2,0.9999455
2,0.999866
2,0.9996811
2,0.99967897
2,0.9971398
3,0.87532675
3,0.903906
3,0.9564125
3,0.970063
3,0.98583996
3,0.99054176
3,0.99537235
3,0.98923093
3,0.99134916
3,0.99731904
3,0.999033
3,0.99923575
3,0.9986848
3,0.99936324
3,0.9984831
3,0.9964371
3,0.99716276
3,0.99886346
3,0.9960568
3,0.99277556
3,0.993386
3,0.9899899
3,0.9917956
3,0.99058425
3,0.9969373
3,0.9982936
3,0.9975293
3,0.99688125
3,0.9971302
3,0.9968951
3,0.9975013
3,0.99504197
3,0.99162745
3,0.97335625
2,0.9795536
2,0.9817962
2,0.97196656
3,0.96580637
3,0.9781366
3,0.99436814
3,0.996792
3,0.9937331
3,0.9939646
3,0.9973936
3,0.9985671
3,0.9986211
3,0.9987639
3,0.9985886
3,0.9983138
3,0.99897826
3,0.99859875
3,0.99848586
3,0.9985765
3,0.98958886
3,0.96603215
3,0.9858115
3,0.9979113
3,0.9985612
3,0.99651945
3,0.9953259
3,0.9976687
3,0.9982444
3,0.9959214
3,0.9953874
3,0.9948809
3,0.9966618
3,0.99616027
2,0.962027
2,0.99041736
2,0.9856316
3,0.99249345
3,0.99719965
3,0.9974606
3,0.9976235
3,0.9974503
3,0.9918012
3,0.9856125
3,0.9963567
3,0.99643433
3,0.9956002
3,0.99401253
3,0.99633104
3,0.99106747
3,0.9956019
3,0.99492776
3,0.99296826
3,0.9899047
3,0.9947403
3,0.9982626
3,0.96535206
3,0.94922584
3,0.98797333
3,0.99875057
3,0.9988432
3,0.9986864
3,0.99872726
3,0.99825567
3,0.9978016
3,0.99857664
3,0.99962664
3,0.99939084
3,0.999371
3,0.9998282
3,0.999686
3,0.9991043
3,0.9990989
3,0.99893147
3,0.9983388
3,0.99505484
3,0.9706298
3,0.98738575
3,0.98684883
3,0.99063534
3,0.9923281
3,0.9934063
3,0.99433327
3,0.9971943
3,0.9983399
3,0.99690276
3,0.9981036
3,0.9987594
3,0.99929917
3,0.9987797
3,0.9987508
3,0.99855036
3,0.9914727
3,0.99343276
3,0.9910706
3,0.9556939
2,0.91816026
2,0.94437134
3,0.9699476
3,0.9930219
3,0.9939898
3,0.9963642
3,0.99668425
3,0.9764682
3,0.97470236
3,0.9759779
3,0.9867525
3,0.9821618
2,0.95396495
3,0.9870788
3,0.9985877
3,0.9981431
3,0.9972121
3,0.99777955
3,0.99503064
3,0.99536633
3,0.9951696
3,0.99427986
3,0.99429804
3,0.9969727
3,0.99227566
3,0.97953415
3,0.99296486
3,0.9956892
3,0.9944812
3,0.99191976
3,0.9843248
3,0.9693245
2,0.97520036
2,0.99974245
2,0.9999639
2,0.9999912
2,0.9999937
2,0.99999535
2,0.9999938
2,0.9999914
2,0.9999913
2,0.99998486
2,0.9999919
2,0.99999154
2,0.9999913
2,0.9999443
2,0.9998252
2,0.9998809
2,0.99987483
2,0.9999442
2,0.9999553
2,0.9999831
2,0.9999925
2,0.99999523
2,0.9999951
2,0.9999869
2,0.9999714
2,0.99997616
2,0.99997425
2,0.9999715
2,0.9999776
2,0.9999796
2,0.99995613
2,0.99997497
2,0.9999771
2,0.9999528
2,0.9999863
2,0.9999876
2,0.9999895
2,0.9999889
2,0.9999871
2,0.9999783
2,0.999967
2,0.99995697
2,0.99994016
2,0.99986124
2,0.99994314
2,0.9999659
2,0.99997735
2,0.9999857
2,0.9999877
2,0.9999869
2,0.9999895
2,0.9999862
2,0.9999801
2,0.9999665
2,0.9999746
2,0.99998224
2,0.99997425
2,0.9999758
2,0.9999716
2,0.9999455
2,0.9999808
2,0.9999871
2,0.9999652
2,0.999931
2,0.9999441
2,0.9998442
2,0.999859
2,0.9998185
2,0.99992204
2,0.9999447
2,0.9999224
2,0.99990654
2,0.9999337
2,0.99988544
2,0.9998721
2,0.9999559
2,0.99997175
2,0.99992037
2,0.9999479
2,0.9999745
2,0.99992955
2,0.9998319
2,0.9999138
2,0.9999653
2,0.9999392
2,0.9999368
2,0.99992645
2,0.9999565
2,0.9999769
2,0.99998415
2,0.9999815
2,0.9999844
2,0.9999869
2,0.99997616
2,0.9999665
2,0.99991727
2,0.9999002
2,0.9999428
2,0.99996495
2,0.9999645
2,0.9999591
2,0.99995506
2,0.99995494
2,0.9999769
2,0.9999738
2,0.99997973
2,0.99997056
2,0.9999553
2,0.999969
2,0.99998677
2,0.9999871
2,0.99998903
2,0.9999913
2,0.9999925
2,0.99999154
2,0.99999154
2,0.9999918
2,0.9999895
2,0.9999896
2,0.9999894
2,0.99998844
2,0.9999914
2,0.99998987
2,0.99999225
2,0.9999927
2,0.99999535
2,0.99999356
2,0.99999774
2,0.9999989
2,0.9999994
2,0.99999917
2,0.9999994
2,0.9999995
2,0.99999905
2,0.99999774
2,0.9999951
2,0.9999969
2,0.9999962
2,0.99999356
2,0.9999944
2,0.99999654
2,0.999998
2,0.99999833
2,0.99999905
2,0.99999833
2,0.99999714
2,0.99997306
2,0.99992764
2,0.9999409
2,0.9999411
2,0.9999498
2,0.9999597
2,0.9999678
2,0.9999869
2,0.9999937
2,0.99999356
2,0.9999964
2,0.9999838
2,0.9999895
2,0.99998987
2,0.9999745
2,0.99993634
2,0.99995685
2,0.9997845
2,0.99980587
2,0.99965143
2,0.99990654
2,0.99985886
2,0.9998666
2,0.9999467
2,0.99992514
2,0.99991405
2,0.9999118
2,0.9998764
2,0.9998845
2,0.99993515
2,0.9999162
2,0.9999403
2,0.99995625
2,0.9999546
2,0.99990094
2,0.9999232
2,0.99995506
2,0.9999504
2,0.99993706
2,0.99994576
2,0.9999714
2,0.99998176
2,0.99994624
2,0.99994504
2,0.99993896
2,0.99998105
2,0.99998546
2,0.99997103
2,0.99997663
2,0.99997175
2,0.9999728
2,0.9999778
2,0.9999871
2,0.999984
2,0.9999789
2,0.9999726
2,0.9999802
2,0.9999757
2,0.9999857
2,0.9999887
2,0.99998
2,0.9999739
2,0.99996877
2,0.9999515
2,0.99994206
2,0.9999523
2,0.9999188
2,0.9997907
2,0.9998673
2,0.99984384
2,0.99975175
2,0.9997968
2,0.9996661
2,0.9997149
2,0.9998653
2,0.9996165
2,0.9997434
2,0.9996741
2,0.9997732
2,0.99979025
2,0.9999094
2,0.9999113
2,0.99988604
2,0.99969935
2,0.99981827
2,0.9998951
2,0.999908
2,0.9999442
2,0.99992836
2,0.99994373
2,0.99990964
2,0.9998944
2,0.9997689
2,0.99988973
2,0.9999454
2,0.99997115
2,0.99997044
2,0.99998856
2,0.9999945
2,0.99999464
2,0.999987
2,0.9999906
2,0.99999464
2,0.99999523
2,0.9999913
2,0.99999344
2,0.999992
2,0.9999869
2,0.99996734
2,0.9999646
2,0.9999666
2,0.99992275
2,0.99991333
2,0.99992716
2,0.9998809
2,0.99990594
2,0.99982965
2,0.9998073
2,0.999871
2,0.9999294
2,0.999912
2,0.9999721
2,0.99997747
2,0.999967
2,0.9999739
2,0.9999558
2,0.99995947
2,0.99997604
2,0.99997807
2,0.99996924
2,0.99995387
2,0.99994266
2,0.9999188
2,0.99987805
2,0.9998894
2,0.9998741
2,0.999808
2,0.99973184
2,0.99981827
2,0.99987364
2,0.9999182
2,0.99994767
2,0.9999329
2,0.9999087
2,0.999892
2,0.99991596
2,0.9998889
2,0.99994457
2,0.9999176
2,0.9998355
2,0.9998342
2,0.9998085
2,0.9999068
2,0.99994755
2,0.9999201
2,0.9998933
2,0.9998242
2,0.9998709
2,0.9999186
2,0.9998511
2,0.99989307
2,0.99989974
2,0.99983346
2,0.9998491
2,0.9999145
2,0.99993014
2,0.9999629
2,0.99992657
2,0.9999567
2,0.9999734
2,0.9999689
2,0.99995387
2,0.99992454
2,0.99995875
2,0.9999633
2,0.999956
2,0.99996805
2,0.99994314
2,0.9999019
2,0.9999095
2,0.99993765
2,0.99992025
2,0.99985445
2,0.9997812
2,0.99988794
2,0.9997441
2,0.9997278
2,0.999705
2,0.99975723
2,0.99982494
2,0.99991703
2,0.9999672
2,0.99998844
2,0.99999523
2,0.9999982
2,0.999997
2,0.99999726
2,0.99999654
2,0.9999939
2,0.9999931
2,0.9999938
2,0.99999166
2,0.9999864
2,0.9999825
2,0.99998343
2,0.9999757
2,0.99991715
2,0.99981254
2,0.9998734
2,0.9998926
2,0.9999368
2,0.9999523
2,0.9999516
2,0.999938
2,0.9998795
2,0.99995303
2,0.99996495
2,0.999954
2,0.9999639
2,0.99995446
2,0.99987686
2,0.9999168
2,0.99993837
2,0.9999455
2,0.99992883
2,0.9998165
2,0.9998621
2,0.9999596
2,0.9999745
2,0.99996936
2,0.99994063
2,0.9999505
2,0.9999368
2,0.99996924
2,0.99997365
2,0.9999776
2,0.9999689
2,0.99988616
2,0.9998939
2,0.99979085
2,0.99962807
2,0.99949706
2,0.99947804
2,0.9997886
2,0.99957186
2,0.99979025
2,0.99992657
2,0.9999229
2,0.99993134
2,0.99996126
2,0.99997246
2,0.999925
2,0.9999113
2,0.99992275
2,0.99982375
2,0.9999013
2,0.999884
2,0.9998739
2,0.9998116
2,0.9999453
2,0.9999753
2,0.99995327
2,0.9999684
2,0.99996734
2,0.9999354
2,0.9999354
2,0.9999454
2,0.99990284
2,0.99989843
2,0.9999317
2,0.9999294
2,0.9999416
2,0.99995065
2,0.9999156
2,0.99990904
2,0.9998983
2,0.9999008
2,0.99988854
2,0.9999726
2,0.9999713
2,0.99997544
2,0.9999771
2,0.9999863
2,0.9999877
2,0.9999796
2,0.99997413
2,0.99995375
2,0.9999449
2,0.9999279
2,0.9999268
2,0.9998869
2,0.9999089
2,0.99989426
2,0.99972516
2,0.9996259
2,0.99977416
2,0.9996697
2,0.9994106
2,0.99977523
2,0.99988854
2,0.9998628
2,0.999772
2,0.9998449
2,0.9999696
2,0.999943
2,0.9999666
2,0.9999087
2,0.99978846
2,0.9996798
2,0.99974483
2,0.9996526
2,0.9988123
2,0.99874604
2,0.9990245
2,0.9998305
2,0.99996126
2,0.9999652
2,0.9999851
2,0.99998903
2,0.9999746
2,0.9999598
2,0.9999583
2,0.9999733
2,0.9999498
2,0.99993813
2,0.99993515
2,0.99995506
2,0.9998585
2,0.9999217
2,0.9998809
2,0.9998796
2,0.9998518
2,0.9997285
2,0.99979717
2,0.9996376
2,0.9997441
2,0.999859
2,0.9998299
2,0.99973375
2,0.9998242
2,0.9999472
2,0.999948
2,0.99986756
2,0.9999417
2,0.9999299
2,0.999979
2,0.99994147
2,0.99992347
2,0.9999521
2,0.99996793
2,0.99992776
2,0.99992025
2,0.99991953
2,0.99992716
2,0.9999429
2,0.9999702
2,0.99995863
2,0.99994767
2,0.99994576
2,0.99991775
2,0.9999752
2,0.99997795
2,0.999933
2,0.99981064
2,0.99983597
2,0.99992764
2,0.9999399
2,0.99997354
2,0.9999609
2,0.9999536
2,0.9999677
2,0.9999876
2,0.99999
2,0.99998915
2,0.99999034
2,0.99998736
2,0.9999757
2,0.9999455
2,0.9998491
2,0.99985313
2,0.99983895
2,0.99986136
2,0.999816
2,0.9999683
2,0.9999751
2,0.9999732
2,0.9999379
2,0.99991393
2,0.99989307
2,0.9998492
2,0.999561
2,0.999529
2,0.9996232
2,0.9997814
2,0.99982834
2,0.99992526
2,0.9999747
2,0.99995005
2,0.9998416
2,0.9997973
2,0.9997905
2,0.99954164
2,0.99992216
2,0.9999479
2,0.9998591
2,0.999806
2,0.9998653
2,0.9999678
2,0.9999716
2,0.999933
2,0.99996245
2,0.99998283
2,0.9999572
2,0.99997795
2,0.99997103
2,0.9999733
2,0.99994874
2,0.99992836
2,0.9998821
2,0.99973875
2,0.999762
2,0.9998386
2,0.9998553
2,0.99986815
2,0.99992895
2,0.9999119
2,0.99991214
2,0.9998411
2,0.9998423
2,0.9999049
2,0.9998524
2,0.9998616
2,0.9998259
2,0.9999057
2,0.99989533
2,0.99994147
2,0.99994516
2,0.9999069
2,0.9997775
2,0.99977535
2,0.99976414
2,0.9995086
2,0.9991486
2,0.99948716
2,0.9998498
2,0.9998528
2,0.9999354
2,0.9999491
2,0.9999037
2,0.9998853
2,0.99989283
2,0.9999038
2,0.99994445
2,0.9999714
2,0.9999529
2,0.99994004
2,0.9999536
2,0.99994445
2,0.9999554
2,0.9999597
2,0.99965155
2,0.998992
2,0.99959975
2,0.99982184
2,0.99988186
2,0.9999331
2,0.99991965
2,0.9999571
2,0.9999782
2,0.9999883
2,0.9999832
2,0.9999894
2,0.9999882
2,0.9999852
2,0.9999739
2,0.9999851
2,0.99997747
2,0.999964
2,0.99997914
2,0.9999889
2,0.99999
2,0.9999912
2,0.99998367
2,0.9999919
2,0.9999939
2,0.99999106
2,0.9999888
2,0.9999931
2,0.9999939
2,0.999992
2,0.99998975
2,0.9999901
2,0.99998486
2,0.9999863
2,0.99998367
2,0.9999931
2,0.9999908
2,0.9999937
2,0.99999547
2,0.999992
2,0.9999964
2,0.99999774
2,0.99999714
2,0.9999968
2,0.9999989
2,0.9999989
2,0.99999833
2,0.9999968
2,0.9999976
2,0.9999851
2,0.9999784
2,0.9999677
2,0.99994624
2,0.9999198
2,0.9999399
2,0.9999573
2,0.9999732
2,0.99996686
2,0.99997795
2,0.9999603
2,0.9999684
2,0.9999548
2,0.9999788
2,0.9999783
2,0.9999616
2,0.99995637
2,0.99997294
2,0.99998546
2,0.9999857
2,0.9999912
2,0.9999813
2,0.9999739
2,0.99995077
2,0.9998795
2,0.99993396
2,0.9996575
2,0.9995547
2,0.999302
2,0.999801
2,0.99984574
2,0.9999275
2,0.99998
2,0.9999851
2,0.9999578
2,0.999944
2,0.9999937
2,0.9999962
2,0.99998176
2,0.9998524
2,0.99963534
2,0.99993885
2,0.99992394
2,0.99989533
2,0.9998734
2,0.9997799
2,0.9997718
2,0.9995523
2,0.9995974
2,0.9996791
2,0.9997671
2,0.99982303
2,0.9996468
2,0.9993794
2,0.99937755
2,0.99944896
2,0.9982457
2,0.9843938
2,0.9821406
2,0.981489
2,0.9649163
3,0.9636727
3,0.98424834
3,0.98753685
3,0.9865238
3,0.99219865
3,0.98307794
2,0.9934749
2,0.9927499
2,0.99453694
2,0.99814546
2,0.9998708
2,0.99997365
2,0.9999875
2,0.99999154
2,0.9999882
2,0.99996626
2,0.9999682
2,0.99995303
2,0.9999361
2,0.9998499
2,0.99934167
2,0.99815506
2,0.99758935
2,0.99276876
2,0.9976255
2,0.9982851
2,0.99930954
2,0.99921
2,0.9994117
2,0.9991054
2,0.9976351
2,0.996289
2,0.9958956
2,0.9984884
2,0.99904865
2,0.99924326
2,0.99874735
2,0.9994772
2,0.99958247
2,0.9991703
2,0.99920183
2,0.9996904
2,0.99952364
2,0.99883777
2,0.99947554
2,0.99926835
2,0.997773
2,0.9951391
2,0.98475754
2,0.99756014
2,0.99951077
2,0.99900216
2,0.9993104
2,0.9992059
2,0.99961096
2,0.99956864
2,0.999592
2,0.9997181
2,0.998857
2,0.99877137
2,0.9993818
2,0.99953985
2,0.99942374
2,0.99935347
2,0.9995522
2,0.9996878
2,0.99938726
2,0.9995284
2,0.9996921
2,0.99968696
2,0.9993807
2,0.9988869
2,0.99823004
2,0.9981345
2,0.99944633
2,0.9998124
2,0.99984133
2,0.99988747
2,0.9999217
2,0.99987745
2,0.9998777
2,0.9999236
2,0.99992716
2,0.99985504
2,0.999859
2,0.99994016
2,0.99998057
2,0.9999851
2,0.9999784
2,0.9999745
2,0.999979
2,0.9999764
2,0.9999585
2,0.99993694
2,0.99991894
2,0.99989426
2,0.9999583
2,0.9999871
2,0.9999522
2,0.9999461
2,0.9999479
2,0.99993515
2,0.99996567
2,0.99996746
2,0.99996746
2,0.99997413
2,0.99996924
2,0.99996364
2,0.9999763
2,0.9999585
2,0.999887
2,0.9996126
2,0.99891543
2,0.9978908
2,0.99870014
2,0.9993561
2,0.99828476
2,0.9977976
2,0.99807346
2,0.99962497
2,0.9997992
2,0.9999491
2,0.9999708
2,0.99995744
2,0.9999248
2,0.99990904
2,0.9996506
2,0.99967146
2,0.99982786
2,0.9992124
2,0.9977701
2,0.9949169
2,0.99540687
2,0.9755434
2,0.9921022
2,0.99163693
2,0.9959578
2,0.9963631
2,0.99937445
2,0.9998234
2,0.9999174
2,0.9999515
2,0.9999356
2,0.9999081
2,0.99981266
2,0.9998136
2,0.9998832
2,0.99987185
2,0.999915
2,0.9999089
2,0.9999081
2,0.9999182
2,0.9999697
2,0.99998975
2,0.9999734
2,0.999951
2,0.9999268
2,0.9999229
2,0.9998472
2,0.9995141
2,0.999169
2,0.9992072
2,0.999516
2,0.99907184
2,0.9996433
2,0.99993205
2,0.9999547
2,0.9999056
2,0.99996495
2,0.9999765
2,0.99999213
2,0.9999907
2,0.9999809
2,0.99989116
2,0.99957913
2,0.9985195
2,0.9977621
2,0.9974808
2,0.99699545
2,0.99732554
2,0.9987011
2,0.9991048
2,0.99955636
2,0.99988604
2,0.9999548
2,0.99998915
2,0.99995446
2,0.9999684
2,0.99998045
2,0.9999807
2,0.9999647
2,0.9999536
2,0.9999498
2,0.99996173
2,0.99995065
2,0.9999747
2,0.99996364
2,0.9999298
2,0.99990964
2,0.99935704
2,0.9987664
2,0.9989103
2,0.99956495
2,0.9995603
2,0.999742
2,0.99988735
2,0.9999076
2,0.99993
2,0.99995685
2,0.9998766
2,0.99993515
2,0.9998846
2,0.9998971
2,0.999897
2,0.9998697
2,0.99996233
2,0.99998224
2,0.99999344
2,0.9999969
2,0.9999958
2,0.9999858
2,0.9999546
2,0.9999821
2,0.9999826
2,0.99998665
2,0.9999573
2,0.99989533
2,0.9998087
2,0.99989974
2,0.99992406
2,0.9998005
2,0.9997675
2,0.9999081
2,0.99995065
2,0.9999403
2,0.9999701
2,0.9999422
2,0.9999572
2,0.9999747
2,0.99995327
2,0.9999839
2,0.9999833
2,0.99995506
2,0.999907
2,0.99994385
2,0.99992514
2,0.99992836
2,0.9999521
2,0.99992454
2,0.9998766
2,0.99985087
2,0.99986815
2,0.99981624
2,0.9996637
2,0.9998037
2,0.99991024
2,0.9999186
2,0.9999242
2,0.99995863
2,0.99997175
2,0.9999713
2,0.9999896
2,0.9999558
2,0.9998307
2,0.9996012
2,0.9994591
2,0.99967206
2,0.9997714
2,0.99983406
2,0.999877
2,0.99988246
2,0.9997832
2,0.99990845
2,0.9999833
2,0.9999851
2,0.9999777
2,0.99997044
2,0.99996126
2,0.9999596
2,0.9999763
2,0.9999913
2,0.99999
2,0.9999912
2,0.99998057
2,0.99997914
2,0.9999838
2,0.99998343
2,0.9999883
2,0.99999666
2,0.99999774
2,0.99999833
2,0.99999917
2,0.99999785
2,0.99999785
2,0.99999726
2,0.999984
2,0.999908
2,0.9996749
2,0.996148
2,0.9883946
2,0.98649305
2,0.99027854
2,0.99722904
2,0.990415
3,0.98861164
3,0.993053
3,0.9917216
2,0.9914683
2,0.99922836
2,0.9997222
2,0.9995957
2,0.9995751
2,0.9997217
2,0.9997969
2,0.9998011
2,0.9997495
2,0.9998596
2,0.9998925
2,0.9997676
2,0.9999068
2,0.99996996
2,0.99998724
2,0.9999863
2,0.99999547
2,0.99999416
2,0.9999945
2,0.9999869
2,0.9999685
2,0.99996006
2,0.99997675
2,0.99994445
2,0.9999114
2,0.99987483
2,0.9980108
3,0.9802264
2,0.98135895
2,0.98540294
3,0.96001685
2,0.9966917
2,0.9993592
2,0.99976665
2,0.9999006
2,0.9999256
2,0.9999652
2,0.99998057
2,0.99997306
2,0.9999839
2,0.9999896
2,0.9999641
2,0.99993753
2,0.99996567
2,0.99998176
2,0.99998295
2,0.99997985
2,0.9999325
2,0.99990547
2,0.9999242
2,0.9999777
2,0.9999826
2,0.99997437
2,0.9999496
2,0.9999565
2,0.99996984
2,0.9999715
2,0.99997747
2,0.99995935
2,0.9999814
2,0.99997354
2,0.99994636
2,0.999964
2,0.99995685
2,0.9999759
2,0.99998903
2,0.9999924
2,0.99999106
2,0.9999862
2,0.9999852
2,0.9999882
2,0.9999745
2,0.99986124
2,0.9993401
2,0.99486154
2,0.99010694
2,0.9939224
2,0.9958248
2,0.99636626
2,0.9959286
2,0.9967529
2,0.9976178
2,0.99485284
2,0.9957841
2,0.9976954
2,0.99891055
2,0.99922776
2,0.9997868
2,0.99957985
2,0.99814475
2,0.9961152
2,0.993465
2,0.9974172
2,0.99933666
2,0.9999224
2,0.9999895
2,0.9999895
2,0.9999944
2,0.9999857
2,0.99995875
2,0.9999548
2,0.9998925
2,0.99989796
2,0.9998741
2,0.9995503
2,0.9995913
2,0.9994804
2,0.9992969
2,0.99929154
2,0.99765825
2,0.9633434
3,0.94894797
3,0.991703
3,0.99700564
3,0.99626404
3,0.99685514
3,0.99815315
3,0.9933488
3,0.9906866
3,0.9960174
3,0.9969958
3,0.99698997
3,0.9986727
3,0.9985562
3,0.9970336
3,0.998415
3,0.9993438
3,0.9994505
3,0.99893326
3,0.9994374
3,0.9968136
3,0.9951835
3,0.9983517
3,0.9997013
3,0.99936146
3,0.9993787
3,0.9993363
3,0.99908924
3,0.9989378
3,0.99818015
3,0.9948891
3,0.99165326
3,0.9908824
3,0.99775535
3,0.9993048
3,0.9993575
3,0.99939036
3,0.9992231
3,0.9989655
3,0.99879444
3,0.99891925
3,0.9989526
3,0.998926
3,0.9985808
3,0.99871266
3,0.9991536
3,0.9995327
3,0.99669623
3,0.98489606
3,0.9853982
3,0.9969849
3,0.9984635
3,0.9974395
3,0.99730957
3,0.99914384
3,0.9991036
3,0.99906105
3,0.9989471
3,0.99937123
3,0.99584264
3,0.9725814
2,0.96087193
3,0.9909435
3,0.9973769
3,0.99865985
3,0.9982633
3,0.998582
3,0.99854124
3,0.9988782
3,0.99926955
3,0.99500954
3,0.97068465
3,0.982936
3,0.9971825
3,0.99858874
3,0.99699306
3,0.9929194
3,0.9966462
3,0.99914443
3,0.99906117
3,0.99939764
3,0.9994649
3,0.9993856
3,0.99953413
3,0.99954337
3,0.9990803
3,0.99939406
3,0.9988626
3,0.9750289
3,0.9609358
3,0.9893311
3,0.99561477
3,0.997726
3,0.99893886
3,0.99841106
3,0.99851805
3,0.99909484
3,0.9993789
3,0.9994246
3,0.9994735
3,0.9993789
3,0.99940324
3,0.9993529
3,0.9990081
3,0.99869126
3,0.9980494
3,0.99869967
3,0.99850285
3,0.998456
3,0.99772877
3,0.99802494
3,0.9991998
3,0.9983047
3,0.9978411
3,0.99854064
3,0.9984835
3,0.99430746
3,0.99500364
3,0.9958306
3,0.9939275
3,0.98332083
3,0.9925142
3,0.99697196
3,0.99721754
3,0.99454826
3,0.9906867
3,0.99707484
3,0.9958584
3,0.9924057
3,0.9968182
3,0.9993407
3,0.9995478
3,0.9995028
3,0.99883896
3,0.99906963
3,0.9991436
3,0.9984648
3,0.99871063
3,0.99907136
3,0.99912494
3,0.99720424
3,0.9986872
3,0.99808854
3,0.99840814
3,0.99809676
3,0.99891365
3,0.99950373
3,0.99959284
3,0.9993605
3,0.99962413
3,0.9997003
3,0.99951375
3,0.99933124
3,0.9995047
3,0.9995235
3,0.99979144
3,0.9997397
3,0.999428
3,0.9993482
3,0.99805164
3,0.9989812
3,0.9983222
3,0.998473
3,0.99808276
3,0.9974106
3,0.99547774
3,0.99612904
3,0.9936307
3,0.9371183
2,0.9529768
2,0.9800867
2,0.9871545
2,0.9909054
2,0.9927296
2,0.9937518
2,0.9911334
2,0.99366885
2,0.9804597
3,0.848601
3,0.97476304
3,0.9886784
3,0.9936154
3,0.9963103
3,0.9946315
3,0.99105924
3,0.9968305
3,0.9987418
3,0.9963707
3,0.9975383
3,0.9989635
3,0.9989561
3,0.9983456
3,0.9980252
3,0.99466985
3,0.9978586
3,0.9949713
3,0.99790204
3,0.9950734
3,0.9975147
3,0.9983577
3,0.99786794
3,0.99807763
3,0.9988424
3,0.99866235
3,0.99835616
3,0.99927396
3,0.99874
3,0.9989015
3,0.99819213
3,0.9989114
3,0.99881566
3,0.99816316
3,0.996739
3,0.99892586
3,0.9911589
3,0.9533873
3,0.973345
3,0.9948597
3,0.99721503
3,0.99791545
3,0.9974827
3,0.99814737
3,0.9984301
3,0.99866843
3,0.99815816
3,0.99693716
3,0.99590576
3,0.99573416
3,0.9968376
3,0.99785346
3,0.9979373
3,0.9983687
3,0.9990164
3,0.9991289
3,0.99903476
3,0.9983183
3,0.9983333
3,0.9987937
3,0.98972535
2,0.9649589
2,0.99761534
2,0.9975321
2,0.97869694
3,0.9721194
3,0.98666096
3,0.99238986
3,0.98787224
3,0.9967974
3,0.99722326
3,0.99519545
3,0.9968388
3,0.99875903
3,0.9995832
3,0.9996325
3,0.9996853
3,0.9993963
3,0.9989335
3,0.99824536
3,0.99828005
3,0.99360055
3,0.9911362
3,0.99652845
3,0.99866354
3,0.99897265
3,0.997442
3,0.99696773
3,0.9977126
3,0.99808747
3,0.997389
3,0.9979857
3,0.9980818
3,0.9951892
3,0.9959734
3,0.99653554
3,0.98596907
3,0.9257331
2,0.91566974
2,0.99309945
2,0.99490154
3,0.99072295
3,0.9953608
3,0.9971909
3,0.9966629
3,0.99489945
3,0.99214596
3,0.9930703
3,0.9862493
3,0.962605
3,0.9767418
3,0.9892636
3,0.9776499
2,0.9825966
2,0.9724725
3,0.994419
3,0.99850756
3,0.9989562
3,0.999471
3,0.99976593
3,0.9996307
3,0.99942964
3,0.99910396
3,0.9994849
3,0.9994562
3,0.99890983
3,0.9979888
3,0.9926502
3,0.9853157
3,0.99244314
3,0.9951885
3,0.98806363
3,0.9939107
3,0.9971801
3,0.9969362
3,0.99792236
3,0.99879766
3,0.9982278
3,0.9978775
3,0.99585503
3,0.9947259
3,0.9960396
3,0.9952761
3,0.9965216
3,0.9979662
3,0.9991787
3,0.9991861
3,0.9983271
3,0.99740916
3,0.9967039
3,0.99688005
3,0.9964025
3,0.9957873
3,0.9972567
3,0.9954466
3,0.9940667
3,0.9918542
3,0.9095631
3,0.7261388
3,0.691145
2,0.87395644
2,0.9973832
2,0.9931624
3,0.9812385
3,0.9917945
3,0.98464876
3,0.99154156
3,0.9957088
3,0.9972867
3,0.99834776
3,0.99751943
3,0.99292165
3,0.9933815
3,0.998669
3,0.99901474
3,0.99847096
3,0.9986084
3,0.9988305
3,0.9953584
3,0.9953506
3,0.9954426
3,0.9964095
3,0.9946274
3,0.9963652
3,0.99849236
3,0.9988304
3,0.9974796
3,0.9978587
3,0.99883443
3,0.9991961
3,0.9983675
3,0.9974233
3,0.9983997
3,0.99750924
3,0.99794394
3,0.99561125
3,0.9927806
2,0.97606134
2,0.99461585
2,0.9804007
3,0.99744844
3,0.9988931
3,0.99896526
3,0.9988519
3,0.9992949
3,0.9993988
3,0.9986634
3,0.9977064
3,0.99827397
3,0.9988154
3,0.99765503
3,0.99746644
3,0.9986798
3,0.9958307
3,0.99610376
3,0.9713309
2,0.9673346
2,0.9867013
2,0.99535936
2,0.96484715
3,0.984495
3,0.99019194
3,0.9888082
3,0.9927839
3,0.99637836
3,0.9910613
3,0.99461985
3,0.99311346
3,0.99314934
3,0.93611175
2,0.9750913
2,0.9928161
2,0.99850696
2,0.9984262
2,0.9980584
2,0.9689681
3,0.98279923
2,0.9583677
3,0.9811763
3,0.9896172
3,0.9881257
3,0.99536335
3,0.9975188
3,0.9992077
3,0.9992255
3,0.99931383
3,0.99911803
3,0.99882203
3,0.9972268
3,0.9943494
3,0.9944319
3,0.99800974
3,0.99811625
3,0.99862087
3,0.9989496
3,0.99743915
3,0.99588543
3,0.9982607
3,0.99839777
3,0.9921187
3,0.97036093
3,0.97576857
3,0.9895404
3,0.99504256
3,0.99079204
3,0.9948369
3,0.99628323
3,0.99042386
3,0.98937666
3,0.99074745
3,0.99102306
3,0.9936666
3,0.9943123
3,0.9923465
3,0.98588806
3,0.9937889
3,0.9842332
3,0.9771652
3,0.9565782
3,0.9746279
3,0.9602371
3,0.9033999
3,0.8875072
1,0.9091099
1,0.9721148
1,0.9941514
1,0.9872089
1,0.9126762
2,0.9958423
2,0.99854434
2,0.99850637
2,0.99815565
2,0.9953939
2,0.99424404
2,0.990203
2,0.9844318
3,0.98230606
3,0.99513173
3,0.9980313
3,0.9986279
3,0.99857545
3,0.9994836
3,0.99944407
3,0.9995981
3,0.99920887
3,0.9991905
3,0.99630094
3,0.9913243
3,0.943839
2,0.98279124
3,0.9831965
3,0.9961565
3,0.99601513
2,0.9912669
2,0.99846905
2,0.9947014
3,0.9940321
3,0.99744934
3,0.99638027
3,0.9806638
3,0.98841023
3,0.9894063
2,0.9679672
2,0.9926483
2,0.99917597
2,0.9960639
3,0.9893245
3,0.98849815
3,0.99448836
3,0.9968759
3,0.9986822
3,0.9983033
3,0.9986405
3,0.9990031
3,0.99906296
3,0.99758303
3,0.99774325
3,0.9977763
3,0.9969132
3,0.99720436
3,0.99799216
3,0.99871814
3,0.9985739
3,0.99814355
3,0.9970151
3,0.9958579
3,0.9926911
3,0.9635224
2,0.99929106
2,0.9997899
2,0.99745363
3,0.97787094
3,0.9559298
3,0.9263572
3,0.98799115
3,0.99597746
3,0.995259
3,0.9976393
3,0.9983896
3,0.9987288
3,0.99913174
3,0.9989291
3,0.9987111
3,0.999215
3,0.99956244
3,0.9983644
3,0.9972047
3,0.995184
3,0.9955413
3,0.99673563
3,0.9956151
3,0.99654394
3,0.9980996
3,0.99845827
3,0.9955646
3,0.9905539
3,0.99427456
3,0.9960349
3,0.99743265
3,0.9926549
3,0.9914432
3,0.99357235
3,0.9941567
3,0.98509234
3,0.9737051
3,0.9889051
3,0.99768496
3,0.995462
3,0.9959608
3,0.99585634
3,0.9949857
3,0.9920402
3,0.9939049
3,0.99503267
3,0.99740714
3,0.99685585
3,0.996707
3,0.99597836
3,0.9966084
3,0.99625224
3,0.99829334
3,0.9954248
2,0.97435373
2,0.9736918
3,0.9822223
3,0.9938817
3,0.998544
3,0.9994124
3,0.9993759
3,0.9993487
3,0.9993112
3,0.99876827
3,0.9976901
3,0.998367
3,0.9975127
3,0.9979048
3,0.9930757
3,0.99655044
3,0.99825567
3,0.9985637
3,0.9983968
3,0.99713135
3,0.9955329
3,0.9946306
3,0.9577612
1,0.7680517
1,0.8831752
1,0.9575842
1,0.97741085
1,0.968088
2,0.9004998
2,0.9750319
2,0.9985474
2,0.9993673
2,0.9979386
2,0.9936372
2,0.9674346
3,0.9801958
3,0.99471986
3,0.9978071
3,0.99889237
3,0.9989548
3,0.9984938
3,0.99878925
3,0.99906737
3,0.99950063
3,0.9989341
3,0.99787533
3,0.9983712
3,0.9989562
3,0.99899954
3,0.999008
3,0.9986908
3,0.9978321
3,0.9963013
3,0.9957896
3,0.9967679
3,0.98779
3,0.98339593
3,0.95711625
1,0.86138093
1,0.98526126
1,0.99105585
1,0.9978065
1,0.9989506
1,0.99849856
1,0.9981425
1,0.9986808
1,0.9974922
1,0.99807775
1,0.9988513
1,0.9995956
1,0.9998442
1,0.99991417
1,0.9999331
1,0.9998863
1,0.9998379
1,0.9998852
1,0.99987674
1,0.99969804
1,0.99958616
1,0.99959403
1,0.99958533
1,0.99948835
1,0.99932635
1,0.99832195
1,0.99490416
1,0.96556807
1,0.98732424
1,0.97888345
1,0.8902825
2,0.96381164
2,0.9885805
2,0.99967897
2,0.99996805
2,0.99992883
2,0.9999372
2,0.99966073
2,0.952649
3,0.9565723
3,0.9228201
3,0.96088934
3,0.9811513
3,0.98966306
3,0.9865949
3,0.98921865
3,0.96652037
2,0.9695072
3,0.9810199
3,0.9912627
3,0.996557
3,0.99510217
3,0.99735117
3,0.9965249
3,0.9965295
3,0.9976799
3,0.99632096
3,0.9964533
3,0.9954566
3,0.99676776
3,0.97501004
2,0.9597887
2,0.97277135
2,0.9447171
3,0.98155653
3,0.9904502
3,0.9876101
3,0.9964218
3,0.99791056
3,0.9985098
3,0.998928
3,0.99831307
3,0.9983229
3,0.99749064
3,0.9716214
3,0.98093665
3,0.9841629
3,0.96974385
2,0.87768143
2,0.9972337
2,0.99852645
2,0.9588185
3,0.9596834
3,0.9695319
3,0.97952944
3,0.98671395
3,0.99106556
3,0.921026
2,0.9427079
3,0.85513663
3,0.98225284
3,0.9897154
3,0.99562573
3,0.99772817
3,0.9982565
3,0.999358
3,0.99951684
3,0.9992244
3,0.99942684
3,0.9995666
3,0.99941266
3,0.9990969
3,0.99876606
3,0.99716884
3,0.9625518
2,0.98935753
2,0.98761743
2,0.93677044
3,0.99129045
3,0.99484986
3,0.9979976
3,0.9986864
3,0.99793774
3,0.9978085
3,0.99887127
3,0.9989384
3,0.99838436
3,0.9944115
3,0.9917617
2,0.9775778
2,0.98885196
2,0.9916688
2,0.9766589
2,0.9501972
3,0.9892615
3,0.99705577
3,0.996338
3,0.998767
3,0.99911755
3,0.9984498
3,0.99830675
3,0.99918
3,0.99913675
3,0.99857116
3,0.9990953
3,0.9963928
3,0.99196917
3,0.9967169
3,0.99831283
3,0.99877053
3,0.9970174
3,0.9986934
3,0.9985576
3,0.99748623
3,0.98956084
3,0.9942761
3,0.99749595
3,0.9969567
3,0.995589
3,0.99822146
3,0.99659675
2,0.9116785
2,0.9519909
2,0.95199966
3,0.99400324
3,0.9934848
3,0.9958839
3,0.9961798
3,0.9966018
3,0.99689806
3,0.999169
3,0.999405
3,0.9993304
3,0.9988066
3,0.9991185
3,0.9993993
3,0.9990381
3,0.99749434
3,0.9992305
3,0.99914086
3,0.99855465
3,0.99684405
3,0.9966473
3,0.9968251
3,0.99835277
3,0.9991041
3,0.9986449
3,0.99579793
3,0.99413717
3,0.9926831
3,0.9958331
3,0.9901715
2,0.9895201
2,0.9938788
2,0.9879776
3,0.98539543
3,0.9869479
3,0.98708874
3,0.9962423
3,0.99885213
3,0.99845815
3,0.99301356
3,0.9972555
3,0.99914205
3,0.9984124
3,0.99831843
3,0.99922085
3,0.99959105
3,0.9995591
3,0.99950767
3,0.9995647
3,0.99937075
3,0.999387
3,0.9991725
3,0.99902105
3,0.9992035
3,0.9991353
3,0.9962682
3,0.99581724
3,0.9956632
3,0.9982633
3,0.99574345
3,0.99133366
3,0.99066
3,0.98733974
3,0.99560344
3,0.9977239
3,0.9979132
3,0.9945169
3,0.9944547
3,0.9986117
3,0.99955577
3,0.9994954
3,0.9986112
3,0.99813277
3,0.99821126
3,0.9958917
3,0.99546534
3,0.9920215
3,0.9896876
3,0.9386255
3,0.90710515
3,0.83793336
1,0.96128637
1,0.9972372
1,0.99965775
1,0.9998074
1,0.9998671
1,0.9998684
1,0.9998221
1,0.9998074
1,0.99976236
1,0.99984825
1,0.9998149
1,0.99988425
1,0.9998987
1,0.9999275
1,0.999876
1,0.99947435
1,0.9995414
1,0.9993131
1,0.99876773
1,0.99883014
1,0.99904174
1,0.9992737
1,0.9991448
1,0.9995672
1,0.999196
1,0.9996573
1,0.99982786
1,0.9998203
1,0.9997303
1,0.99954575
1,0.99934465
1,0.99753404
1,0.9975842
1,0.9966698
1,0.9964855
1,0.9978828
1,0.9978173
1,0.996259
1,0.9994968
1,0.999819
1,0.9997975
1,0.9998165
1,0.999881
1,0.9999509
1,0.9998745
1,0.99932873
1,0.9996433
1,0.99986863
1,0.99992883
1,0.99983466
1,0.9999386
1,0.9998988
1,0.9998852
1,0.99905425
1,0.9929086
1,0.9435425
2,0.9312249
2,0.9854499
2,0.9976615
2,0.999833
2,0.9999027
2,0.99995875
2,0.9993793
2,0.9756
2,0.9502404
2,0.88547635
2,0.9232184
3,0.9147616
3,0.969646
3,0.96683973
3,0.97422326
3,0.96282524
3,0.9653729
2,0.9664699
2,0.9847424
2,0.9958478
2,0.9928381
3,0.9430265
3,0.97454655
3,0.99598986
3,0.99770314
3,0.99712807
3,0.99673885
3,0.99762446
3,0.99848443
3,0.9971789
3,0.9960906
3,0.99291176
3,0.94715714
2,0.9183153
2,0.9459418
2,0.9554649
3,0.9428662
3,0.9954046
3,0.99780184
3,0.9983292
3,0.9989273
3,0.9990845
3,0.99857295
3,0.9980774
3,0.9983358
3,0.99737453
3,0.99333847
3,0.9971757
3,0.9991295
3,0.99941695
3,0.999331
3,0.99872476
3,0.99876463
3,0.9976525
3,0.9981212
3,0.9981013
3,0.9855942
2,0.9527614
2,0.9899686
2,0.9809869
3,0.9882129
3,0.99193364
3,0.9854042
3,0.98673797
3,0.9844284
3,0.9903542
3,0.9842874
3,0.977229
3,0.99325657
3,0.9974962
3,0.9978497
3,0.9967443
3,0.99795556
3,0.9989207
3,0.99892116
3,0.99875164
3,0.99842346
3,0.9989518
3,0.99918216
3,0.99813324
3,0.9965474
3,0.9975733
3,0.99656665
3,0.99331456
3,0.9933427
3,0.9982146
3,0.99760914
3,0.99818414
3,0.99724835
3,0.9977028
3,0.9944602
3,0.99680835
3,0.9890205
3,0.9945425
3,0.9893778
3,0.99395436
3,0.99670655
3,0.9982578
3,0.99876994
3,0.99901724
3,0.9984004
3,0.9987287
3,0.99874854
3,0.99798334
3,0.9976675
3,0.99508744
3,0.9941136
3,0.99402505
3,0.9807755
2,0.97136974
2,0.9851671
2,0.97721475
2,0.97710824
3,0.9833952
3,0.947731
3,0.9439277
2,0.9677748
2,0.9895074
2,0.9713966
3,0.9293412
3,0.9686298
3,0.9867907
3,0.98632556
3,0.99276274
3,0.9510525
2,0.9377262
3,0.9488638
3,0.9917133
3,0.9934935
3,0.9970374
3,0.9986172
3,0.99865687
3,0.9989913
3,0.99941087
3,0.99967265
3,0.999164
3,0.9986835
3,0.9989115
3,0.9989372
3,0.9981535
3,0.99795204
3,0.9979412
3,0.9928421
3,0.98945343
3,0.99323565
3,0.9937936
3,0.9942826
3,0.9604713
2,0.98364013
2,0.97768503
3,0.9744965
3,0.9927685
3,0.99640536
3,0.9975674
3,0.99864215
3,0.99893135
3,0.99857986
3,0.9987263
3,0.99879444
3,0.9990638
3,0.9989895
3,0.9987698
3,0.9991881
3,0.9994004
3,0.9992136
3,0.9984756
3,0.99827814
3,0.999138
3,0.9993228
3,0.9989987
3,0.99892455
3,0.99864715
3,0.9982445
3,0.9960576
3,0.9876795
3,0.990226
3,0.99875593
3,0.99819
3,0.99702317
3,0.99908507
3,0.99949896
3,0.9985617
3,0.9975067
3,0.99319553
3,0.98877305
3,0.93555605
2,0.9716381
2,0.97229296
2,0.967096
2,0.9720777
2,0.985134
2,0.94865733
3,0.9856797
3,0.9931057
3,0.98983216
3,0.99735826
3,0.9977139
3,0.99745804
3,0.9937915
3,0.9949845
3,0.99364716
3,0.9974559
3,0.99680555
3,0.9982665
3,0.9988856
3,0.9990752
3,0.99932337
3,0.9989072
3,0.9983535
3,0.9986773
3,0.99903274
3,0.99817705
3,0.99734867
3,0.99455714
3,0.9953525
3,0.99762684
3,0.998114
3,0.99862623
3,0.9979936
3,0.99869066
3,0.9983851
3,0.9971464
3,0.9959345
3,0.98059356
3,0.94491804
3,0.9679817
3,0.9927579
3,0.9983956
3,0.9988701
3,0.9986381
3,0.9984016
3,0.9991105
3,0.9989197
3,0.99814546
3,0.99490285
3,0.9882945
3,0.9908069
3,0.99419975
3,0.99611276
3,0.9964462
3,0.9938589
3,0.97525454
2,0.98985857
2,0.98595744
3,0.9638973
3,0.9932081
3,0.9937209
3,0.99725866
3,0.99664634
3,0.9978921
3,0.9942123
3,0.9958497
3,0.99735403
3,0.9967018
3,0.9939659
3,0.99063337
3,0.99135417
3,0.98872745
3,0.98183316
3,0.9883007
3,0.9931166
3,0.99424464
3,0.99430335
3,0.9949149
3,0.99769044
3,0.9963486
3,0.99583817
3,0.99865556
3,0.9991072
3,0.99904984
3,0.99937963
3,0.9992471
3,0.99838865
3,0.9964406
3,0.99867505
3,0.9921549
2,0.96720016
2,0.97665805
2,0.9571723
3,0.9923004
3,0.99333376
3,0.9939924
3,0.9960665
3,0.99642664
3,0.99522686
3,0.9962149
3,0.9945661
3,0.99584204
3,0.9957912
3,0.9892203
3,0.9452602
2,0.9676232
2,0.97733206
3,0.97881955
3,0.99334806
3,0.99866986
3,0.99773186
3,0.99742585
3,0.99857426
3,0.9969597
3,0.997757
3,0.99683654
3,0.9973278
3,0.9950001
3,0.9953831
3,0.9964133
3,0.998125
3,0.9984565
3,0.99921227
3,0.9992397
3,0.99922884
3,0.99895537
3,0.9988996
3,0.9995198
3,0.99831057
3,0.99176157
3,0.9931203
3,0.9971199
3,0.97972465
2,0.96161276
3,0.99315554
3,0.994947
3,0.99701947
3,0.9963858
3,0.9969289
3,0.9969945
3,0.9982509
3,0.9990395
3,0.99870205
3,0.9979406
3,0.9989448
3,0.9969496
3,0.9886459
3,0.9915589
3,0.9983038
3,0.99347866
3,0.9668022
3,0.98935777
3,0.9933416
3,0.9730795
3,0.97261995
3,0.9839356
3,0.9855649
3,0.98294836
3,0.99592704
3,0.9979189
3,0.99915445
3,0.9991048
3,0.9983742
3,0.99833375
3,0.9982052
3,0.99805546
3,0.99891746
3,0.99904054
3,0.99792933
3,0.9959026
3,0.99730337
3,0.9975321
3,0.99532264
3,0.99091923
3,0.97156084
3,0.88730276
1,0.9239953
1,0.9891978
1,0.9961467
1,0.9971827
1,0.99638855
1,0.9972216
1,0.99660504
1,0.99746287
1,0.9955864
1,0.9904336
2,0.99957675
2,0.99943465
2,0.9921484
2,0.98565
3,0.9465238
3,0.97065663
3,0.99008197
3,0.99330986
3,0.99713564
3,0.9858884
3,0.98542285
3,0.979463
3,0.99506974
3,0.99692994
3,0.9975005
3,0.99730384
3,0.998757
3,0.9985599
3,0.99710554
3,0.9979633
3,0.9984273
3,0.9985399
3,0.99804413
3,0.99706227
3,0.99900925
3,0.99909866
3,0.99836034
3,0.9986582
3,0.9986002
3,0.998016
3,0.9969584
3,0.99736506
3,0.996727
3,0.9890871
3,0.9911096
3,0.99418926
3,0.9960477
3,0.99728537
3,0.99389404
3,0.9902524
3,0.98672444
3,0.99594194
3,0.99505436
3,0.99649245
3,0.9989058
3,0.9973328
3,0.9967686
3,0.99641114
3,0.99694484
3,0.9941234
3,0.9957879
3,0.99312043
3,0.9963296
3,0.99488896
3,0.9966196
3,0.9973349
3,0.99329716
3,0.9967423
3,0.9950389
2,0.9686193
2,0.9711504
2,0.9747003
3,0.9781877
3,0.9773029
3,0.97444636
3,0.9949269
3,0.99510974
3,0.9934768
3,0.9918121
3,0.99214524
3,0.99601126
3,0.9962972
3,0.9986626
3,0.9982645
3,0.9981402
3,0.997401
3,0.9990914
3,0.99892753
3,0.99775106
3,0.9968459
3,0.9952251
3,0.9948036
3,0.99724317
3,0.9968194
3,0.9880519
3,0.95365435
3,0.94200224
3,0.9224765
3,0.9023719
3,0.8315367
3,0.9352285
3,0.9451357
3,0.9494056
1,0.88891345
1,0.949319
1,0.9791174
1,0.9959027
1,0.9975616
1,0.9991843
1,0.9988707
1,0.99975055
1,0.9996697
1,0.99967945
1,0.99983156
1,0.99990845
1,0.9998925
1,0.99962926
1,0.99972135
1,0.9993399
1,0.99904925
1,0.9989673
1,0.9988555
1,0.9997423
1,0.99975973
1,0.9996667
1,0.9995497
1,0.9996748
1,0.9997298
1,0.99972624
1,0.999856
1,0.9998435
1,0.999843
1,0.99980754
1,0.9997646
1,0.9997805
1,0.99942005
1,0.9990282
1,0.99753475
1,0.9893093
2,0.994676
2,0.9973556
2,0.9989961
2,0.9998902
2,0.9999516
2,0.9999311
2,0.99996436
2,0.9998468
2,0.9990189
2,0.978208
3,0.98667616
3,0.9748058
3,0.9772537
3,0.96713644
2,0.9753616
2,0.9891777
3,0.9809584
3,0.9888144
3,0.99518824
3,0.9949168
3,0.99588
3,0.9983032
3,0.9985123
3,0.9977836
3,0.9988362
3,0.998604
3,0.9983551
3,0.99866676
3,0.99878544
3,0.9982286
3,0.99882835
3,0.9924625
3,0.9545488
3,0.9848172
3,0.9953479
3,0.9909043
3,0.9847497
3,0.99372417
3,0.9968047
3,0.99735755
3,0.99781907
3,0.9984276
3,0.99849534
3,0.99864453
3,0.99873346
3,0.9983164
3,0.9982161
3,0.99652594
3,0.9637101
2,0.987164
2,0.9966767
2,0.99746835
2,0.9976374
2,0.9992132
2,0.9984861
2,0.98962337
2,0.9690967
3,0.88216543
3,0.9573523
3,0.969036
3,0.9822044
3,0.9919906
3,0.9944647
3,0.99876595
3,0.9991084
3,0.998701
3,0.9992694
3,0.99923205
3,0.99696654
3,0.9980545
3,0.99847597
3,0.99918383
3,0.9994797
3,0.9994653
3,0.9994911
3,0.9991659
3,0.99920887
3,0.9989831
3,0.9983078
3,0.98347616
2,0.96704423
2,0.9838013
2,0.9952017
2,0.99437016
3,0.9886447
3,0.9939209
3,0.9959347
3,0.9990941
3,0.9993449
3,0.99922323
3,0.9989153
3,0.99775726
3,0.99808973
3,0.9984353
3,0.9976108
3,0.9985885
3,0.99715245
3,0.994456
3,0.9934366
3,0.99035
3,0.98112226
3,0.9803934
3,0.91783226
2,0.91587996
3,0.9247916
3,0.98371834
3,0.99671197
3,0.99593204
3,0.9978023
3,0.9986436
3,0.99563944
3,0.9769966
3,0.9892141
3,0.9967642
3,0.99845827
3,0.99923193
3,0.9990977
3,0.9980019
3,0.9976451
3,0.9956885
3,0.9965622
3,0.9864631
2,0.99767
2,0.99904233
2,0.9848298
2,0.96925586
2,0.93506163
3,0.9248739
3,0.95635265
3,0.9705635
3,0.9893427
3,0.99709785
3,0.9963611
3,0.9988188
3,0.9990176
3,0.99860007
3,0.99787426
3,0.99918276
3,0.9989943
3,0.9975793
3,0.9959026
3,0.9975719
3,0.9963406
3,0.99193996
3,0.99048
3,0.9938974
3,0.99224997
3,0.9904496
3,0.99194324
3,0.99659973
3,0.9958424
3,0.9971105
3,0.99769896
3,0.99785954
3,0.9980726
3,0.99044293
3,0.9936259
3,0.99523866
3,0.94934726
2,0.9728909
2,0.9258942
3,0.9602863
3,0.9823873
3,0.989513
3,0.9863434
3,0.9953963
3,0.99812883
3,0.9970673
3,0.9967313
3,0.99871993
3,0.998912
3,0.9991191
3,0.9993543
3,0.9994735
3,0.9992779
3,0.9994585
3,0.99913055
3,0.998353
3,0.9987484
3,0.9986106
3,0.9980171
3,0.9981357
3,0.99815035
3,0.99381834
3,0.9911062
3,0.99418974
3,0.9793367
3,0.94727534
3,0.93241566
3,0.9076255
1,0.8847511
1,0.99277425
1,0.9966336
1,0.998686
1,0.99892694
1,0.99944144
1,0.9993709
1,0.99919206
1,0.9990736
1,0.99892837
1,0.9979504
1,0.9973009
1,0.997917
1,0.9977551
1,0.99532926
1,0.9900035
1,0.9648749
1,0.8759233
1,0.89454037
1,0.85831547
1,0.97100824
1,0.99661535
1,0.99882823
1,0.99921036
1,0.9997023
1,0.99925643
1,0.99931526
1,0.998494
1,0.9975314
1,0.9956541
1,0.9974611
1,0.99557084
1,0.9967765
1,0.9979663
1,0.99939215
1,0.9995516
1,0.9996191
1,0.9996076
1,0.99976176
1,0.9998554
1,0.9995788
1,0.9998373
1,0.9999155
1,0.9999192
1,0.99990463
1,0.99994326
1,0.9998983
1,0.99979895
1,0.9995547
1,0.99824584
1,0.99881893
1,0.99895966
1,0.99808145
1,0.99821436
1,0.999419
1,0.999592
1,0.999736
1,0.9996908
1,0.99965644
1,0.99953616
1,0.9995958
1,0.99973994
1,0.9998115
1,0.99967957
1,0.9994319
1,0.99941885
1,0.9988501
1,0.9969861
1,0.9977221
1,0.99770087
1,0.9946661
1,0.9942275
1,0.97987217
2,0.9443149
2,0.98158664
2,0.9763401
2,0.996265
2,0.999795
2,0.9999635
2,0.9999881
2,0.9999913
2,0.9999918
2,0.9999877
2,0.9999888
2,0.9999882
2,0.99999213
2,0.9999981
2,0.99999714
2,0.99999857
2,0.99999905
2,0.99999857
2,0.9999863
2,0.99996567
2,0.9999852
2,0.999982
2,0.99998665
2,0.9999945
2,0.9999968
2,0.9999958
2,0.9999937
2,0.99998975
2,0.9999927
2,0.9999951
2,0.99999094
2,0.9999937
2,0.999985
2,0.9999839
2,0.9999609
2,0.9999223
2,0.9999685
2,0.99998677
2,0.9999858
2,0.9999831
2,0.99997544
2,0.99998534
2,0.9999472
2,0.9998568
2,0.9998368
2,0.9998636
2,0.99927956
2,0.9996499
2,0.9999056
2,0.9999273
2,0.9998876
2,0.9984036
2,0.98069215
3,0.9837996
3,0.9932187
3,0.99343795
3,0.996366
3,0.99875903
3,0.99881834
3,0.99899906
3,0.99879587
3,0.9988199
3,0.9976674
3,0.99428
3,0.9733855
2,0.9877631
2,0.997347
2,0.9957699
2,0.9965557
2,0.995741
3,0.9906799
3,0.99598265
3,0.9958982
3,0.9944178
3,0.9983858
3,0.9979742
3,0.9982101
3,0.99853194
3,0.99855727
3,0.9956527
3,0.99619734
3,0.99680686
3,0.99659604
3,0.9904682
3,0.99014485
3,0.99383837
3,0.9927093
3,0.9976241
3,0.99905676
3,0.998511
3,0.9983399
3,0.9991792
3,0.99918765
3,0.9970618
3,0.9973984
3,0.9976884
3,0.9969067
3,0.99517184
3,0.995363
3,0.9759527
3,0.97088695
3,0.97119755
3,0.9923413
3,0.99357224
3,0.9966641
3,0.99777395
3,0.9983885
3,0.99889565
3,0.9986344
3,0.99840754
3,0.9983546
3,0.99719477
3,0.9959408
3,0.99638957
3,0.97373766
3,0.9810563
3,0.99744606
3,0.9983057
3,0.99686134
3,0.99707866
3,0.9988556
3,0.99903345
3,0.9986645
3,0.99853146
3,0.9986111
3,0.99651307
3,0.98436224
3,0.9668583
3,0.9789065
3,0.9922666
3,0.9960614
3,0.99593097
3,0.9951008
3,0.99409664
3,0.994825
3,0.9948196
3,0.9952928
3,0.9982975
3,0.99819833
3,0.99900395
3,0.9984549
3,0.9975464
3,0.997157
3,0.9964031
3,0.9922001
3,0.9872355
3,0.98213565
3,0.9903108
3,0.99510396
3,0.9953343
3,0.99594915
3,0.9902098
2,0.99269146
2,0.9968209
3,0.99404645
3,0.9993144
3,0.9989963
3,0.999283
3,0.9996068
3,0.9991148
3,0.9981988
3,0.99756503
3,0.9974383
3,0.99810684
3,0.9964959
3,0.9981377
3,0.9969988
3,0.99718577
3,0.99815756
3,0.99778134
3,0.9852288
2,0.969012
3,0.98013526
3,0.9902222
3,0.9691778
2,0.9969021
2,0.9973278
2,0.99864286
2,0.99301755
3,0.96214825
3,0.98665977
3,0.99620855
3,0.9966198
3,0.99728346
3,0.9984748
3,0.9985795
3,0.9984515
3,0.9981681
3,0.9980116
3,0.9972416
3,0.9987012
3,0.9980539
3,0.9965109
3,0.9959771
3,0.99693215
3,0.9957911
3,0.9982193
3,0.99836034
3,0.99813557
3,0.9961713
3,0.9964479
3,0.9750999
2,0.9510693
2,0.9608028
2,0.957733
2,0.9692291
2,0.97422373
2,0.969092
2,0.9706167
2,0.9811746
3,0.9852722
3,0.9906881
3,0.9890555
3,0.9960343
3,0.9984486
3,0.9991812
3,0.99774015
3,0.9952931
3,0.9953483
3,0.99705637
3,0.99579084
3,0.9977258
3,0.9978934
3,0.9957794
3,0.99341726
3,0.9969909
3,0.998326
3,0.9967865
3,0.99688536
3,0.9980842
3,0.99945825
3,0.99893445
3,0.998307
3,0.99858546
3,0.9987056
3,0.9989794
3,0.9960219
3,0.99709237
3,0.99701846
3,0.9971795
3,0.998027
3,0.99743086
3,0.9954727
3,0.9970086
3,0.99721116
3,0.99740773
3,0.9979505
3,0.9986223
3,0.99868625
3,0.99865484
3,0.999198
3,0.9991966
3,0.9967064
3,0.99008125
3,0.9906545
3,0.99313027
3,0.99680316
3,0.9966085
3,0.9981287
3,0.9978963
3,0.9980355
3,0.99856645
3,0.9987185
3,0.9962287
3,0.9887854
3,0.9431012
2,0.9933134
2,0.9998012
2,0.9999249
2,0.99993646
2,0.9998722
2,0.9955994
2,0.96985066
2,0.92223316
3,0.94824
3,0.9690642
3,0.98797137
3,0.9927038
3,0.9960931
3,0.9988482
3,0.99951124
3,0.999288
3,0.9984107
3,0.9985097
3,0.99953747
3,0.99941564
3,0.9994979
3,0.9988172
3,0.99774384
3,0.9973532
3,0.99703985
3,0.99734193
3,0.9972077
3,0.9942115
3,0.9890698
3,0.995218
3,0.9963438
3,0.9957943
3,0.99552166
3,0.9978265
3,0.99907
3,0.9990471
3,0.997283
3,0.99873954
3,0.9975854
3,0.99840575
3,0.9955989
3,0.98946476
3,0.9970542
3,0.9986162
3,0.99847645
3,0.9987901
3,0.9980894
3,0.9965702
3,0.99497366
3,0.9957535
3,0.9957201
3,0.9956806
3,0.9954123
3,0.9960253
3,0.9979665
3,0.9979588
3,0.9984529
3,0.99774146
3,0.9924826
3,0.984738
3,0.9892597
3,0.9800662
3,0.9648828
3,0.98788923
3,0.9711828
3,0.9641236
3,0.97297025
3,0.9605487
2,0.9218533
2,0.9979394
2,0.9998011
2,0.99995553
2,0.99996424
2,0.9999455
2,0.99784625
2,0.9424996
3,0.8781865
3,0.88486034
3,0.9679662
3,0.98673624
3,0.97791016
3,0.9735754
3,0.99316907
3,0.9966286
3,0.99591196
3,0.9925874
3,0.996378
3,0.99678564
3,0.9972204
3,0.9970048
3,0.99795014
3,0.9976253
3,0.9976787
3,0.9982578
3,0.9978684
3,0.99723923
3,0.94031423
2,0.92700905
3,0.9255382
3,0.9936045
3,0.9981223
3,0.9990306
3,0.9992455
3,0.9993543
3,0.99893314
3,0.9951925
3,0.99682164
3,0.99103737
3,0.99015814
3,0.99448496
3,0.99840194
3,0.99854636
3,0.99153745
3,0.9807897
3,0.9865745
3,0.99052095
3,0.98857903
3,0.98663306
3,0.99004877
3,0.99752694
3,0.997733
3,0.99799204
3,0.9979778
3,0.99793494
3,0.99750584
3,0.99652463
3,0.99772793
3,0.99807113
3,0.99885046
3,0.99816495
3,0.99880636
3,0.99154913
3,0.98379785
3,0.9779985
3,0.98373204
3,0.97424895
3,0.9727946
3,0.95635647
3,0.9762083
3,0.9939062
3,0.9967686
3,0.99847704
3,0.99859005
3,0.9989742
3,0.9989728
3,0.9992982
3,0.9990803
3,0.9990019
3,0.99780077
3,0.99754876
3,0.99710447
3,0.9955949
3,0.99566084
3,0.9653089
3,0.94775075
3,0.9372536
2,0.9940408
2,0.99724317
2,0.96142673
3,0.98486716
3,0.98323095
3,0.9866397
3,0.99216706
3,0.9979534
3,0.99825996
3,0.99913764
3,0.99825186
3,0.9965683
3,0.9971546
3,0.99865925
3,0.9987804
3,0.9955212
3,0.9910719
3,0.9948984
3,0.9958085
3,0.99347574
3,0.991597
3,0.9855724
3,0.99058026
3,0.99664515
3,0.99860954
3,0.9975259
3,0.99761283
3,0.9981359
3,0.9967667
3,0.9951573
3,0.98274004
2,0.9859325
3,0.9754782
3,0.9938806
3,0.99508804
3,0.9943124
3,0.99589515
3,0.99863344
3,0.99924856
3,0.99858826
3,0.9987368
3,0.9988703
3,0.9980369
3,0.9975618
3,0.99751544
3,0.9978884
3,0.99681264
3,0.99634415
3,0.9971855
3,0.99814904
3,0.99649787
3,0.9952859
3,0.98801917
3,0.97459656
3,0.91809154
1,0.8749698
1,0.938671
1,0.95871735
1,0.97075045
1,0.98843133
1,0.99240726
1,0.9983454
1,0.9987344
1,0.9988299
1,0.9989517
1,0.9982266
1,0.99905854
1,0.9987764
1,0.99897444
1,0.9984646
1,0.99745506
1,0.99732107
1,0.9988036
1,0.9995307
1,0.9995091
1,0.999579
1,0.99930537
1,0.99977726
1,0.99972504
1,0.99986136
1,0.9997111
1,0.9995448
1,0.99790347
1,0.99460655
1,0.9942059
1,0.9919674
1,0.9966537
1,0.9965911
1,0.997412
1,0.99793327
1,0.9939679
1,0.9935727
1,0.986147
1,0.83942866
2,0.97854894
2,0.98158526
2,0.9945761
2,0.98837787
2,0.956891
2,0.82832086
2,0.83393025
2,0.8875073
2,0.86744475
3,0.676613
3,0.74916923
1,0.72194886
1,0.8054789
3,0.725489
1,0.94242436
1,0.9250334
1,0.9308581
2,0.80553
2,0.88711274
2,0.9270272
2,0.89104795
3,0.9318406
3,0.97472745
3,0.9866938
3,0.9846934
3,0.98643166
3,0.9901751
3,0.98911124
3,0.96133065
3,0.9604356
3,0.98902565
3,0.9825948
2,0.98045874
2,0.9918938
2,0.9504835
3,0.9915726
3,0.98856443
3,0.9847949
3,0.99489045
3,0.99615014
3,0.9940964
3,0.99473804
3,0.99795675
3,0.99668676
3,0.99367803
3,0.99692035
3,0.997124
3,0.99536777
3,0.990733
3,0.99293715
3,0.9835052
3,0.9682067
2,0.9477474
2,0.9972288
2,0.99934036
2,0.99988925
2,0.99994874
2,0.9999807
2,0.99997914
2,0.9999709
2,0.9999527
2,0.99994063
2,0.9998982
2,0.9997619
2,0.999516
2,0.9996132
2,0.99916863
2,0.9975327
2,0.99451077
2,0.9933962
2,0.99230766
2,0.9847549
3,0.98275316
3,0.994167
3,0.98867166
3,0.9925061
3,0.99383473
3,0.9980545
3,0.9934541
3,0.96414465
3,0.9645248
3,0.9912157
3,0.9977794
3,0.9965056
3,0.98909646
3,0.99297076
3,0.99408084
3,0.9961578
3,0.99513924
3,0.99816006
3,0.9984138
3,0.99399453
3,0.9932708
3,0.99723035
3,0.99752814
3,0.99677247
3,0.9932494
3,0.99261534
3,0.99542147
3,0.9951384
3,0.99170965
3,0.99358517
3,0.993163
3,0.99814546
3,0.9988732
3,0.99868697
3,0.99841297
3,0.9989073
3,0.9927608
3,0.98743606
3,0.9925558
3,0.9974355
3,0.99796677
3,0.9957646
3,0.9955515
3,0.9944829
3,0.9959045
3,0.9965669
3,0.993345
3,0.98551613
3,0.9907673
3,0.99490535
3,0.9948304
3,0.99402666
3,0.99621046
3,0.9968188
3,0.99566805
3,0.99243504
3,0.9901541
3,0.9855655
3,0.9813006
3,0.97450906
3,0.9911152
3,0.99626595
3,0.99881196
3,0.9987747
3,0.99912673
3,0.99768376
3,0.99257576
3,0.99638283
3,0.9953668
3,0.992644
3,0.9909492
3,0.99195004
3,0.99588275
3,0.99279225
3,0.99560934
3,0.99731714
3,0.9992532
3,0.99902534
3,0.9987931
3,0.99889284
3,0.99856204
3,0.9982969
3,0.9965307
3,0.9908502
3,0.97903305
3,0.9925695
3,0.99817467
3,0.9948192
3,0.99529016
3,0.99853003
3,0.9989146
3,0.99794704
3,0.9988292
3,0.9995659
3,0.99915206
3,0.9980927
3,0.99879706
3,0.99913883
3,0.9985341
3,0.9952394
3,0.99571604
3,0.9961765
3,0.99635786
3,0.9115509
2,0.9241746
2,0.94311553
3,0.96036965
3,0.9757774
3,0.9940019
3,0.9954211
3,0.99762243
3,0.9963329
3,0.9962547
3,0.99606824
3,0.9979804
3,0.9961235
3,0.99278814
3,0.9964742
3,0.9978422
3,0.9927108
3,0.9952808
3,0.9967528
3,0.99633896
3,0.9963102
3,0.99502087
3,0.99265176
3,0.99072766
3,0.9899212
3,0.9768878
3,0.9561421
3,0.895424
3,0.79366755
1,0.94897795
1,0.9930922
1,0.9981766
1,0.9990429
1,0.99931216
1,0.99832624
1,0.9988481
1,0.9982077
1,0.99812347
1,0.99792635
1,0.9984914
1,0.99929833
1,0.9996221
1,0.99958724
1,0.99950933
1,0.9994573
1,0.99888295
1,0.9995591
1,0.9998541
1,0.9998561
1,0.99981266
1,0.99984944
1,0.99951005
1,0.9995295
1,0.9990477
1,0.9987914
1,0.9988172
1,0.9990018
1,0.9987797
1,0.9982035
1,0.9989309
1,0.99902034
1,0.9997781
1,0.9996828
1,0.99957186
1,0.9989611
1,0.9994143
1,0.9992083
1,0.9994331
1,0.9995235
1,0.99973065
1,0.9987305
1,0.9995498
1,0.99971896
1,0.9997799
1,0.9994824
1,0.9994103
1,0.99945635
1,0.9996778
1,0.9997873
1,0.9998692
1,0.99978036
1,0.99973994
1,0.99977
1,0.9990125
1,0.9993094
1,0.99965477
1,0.9997454
1,0.9997589
1,0.9998772
1,0.99979395
1,0.9997991
1,0.9995065
1,0.99973434
1,0.99970466
1,0.9996877
1,0.9993579
1,0.9992316
1,0.999635
1,0.9997601
1,0.9998217
1,0.99967134
1,0.999584
1,0.99939966
1,0.99471325
2,0.9994418
2,0.99985945
2,0.9999403
2,0.99995303
2,0.99994695
2,0.9998741
2,0.9998505
2,0.9998318
2,0.99981934
2,0.99977607
2,0.9998259
2,0.99982774
2,0.99985147
2,0.9999552
2,0.9999368
2,0.9998565
2,0.9991678
2,0.99636495
2,0.986016
2,0.95193726
3,0.93975294
3,0.8979929
2,0.9628881
2,0.9732572
2,0.9764757
3,0.9599745
3,0.96390045
3,0.9927133
3,0.99503666
3,0.9872541
2,0.9805386
2,0.9936771
3,0.95936567
3,0.92446375
2,0.9628862
3,0.9493913
3,0.9902552
3,0.9868994
3,0.99181914
3,0.9961182
3,0.9960375
3,0.98988205
3,0.97593665
3,0.9816628
2,0.9630935
2,0.9863231
2,0.99097025
2,0.989146
2,0.9822183
2,0.9005151
3,0.86811644
3,0.96987784
3,0.99532497
3,0.9974427
3,0.9978375
3,0.99850214
3,0.9989207
3,0.9981207
3,0.9958413
3,0.998324
3,0.99929595
3,0.99916255
3,0.998431
3,0.9966749
3,0.99571395
3,0.9949142
3,0.94604164
2,0.9955591
2,0.9981331
2,0.99428385
2,0.96722513
2,0.9326848
2,0.930907
3,0.98265886
3,0.99423486
3,0.9950949
3,0.98325956
3,0.98601043
3,0.99213237
3,0.99601966
3,0.9893818
3,0.9951139
3,0.99751437
3,0.99856406
3,0.9985108
3,0.9994518
3,0.99942684
3,0.9991591
3,0.99913186
3,0.99908566
3,0.9994721
3,0.9986696
3,0.9970732
3,0.9981711
3,0.99659413
3,0.97563624
3,0.959618
3,0.9839162
3,0.99202955
3,0.99670357
3,0.99313015
3,0.9977077
3,0.99882716
3,0.9985983
3,0.99820495
3,0.99829227
3,0.9984419
3,0.9978225
3,0.9980039
3,0.9982827
3,0.9972765
3,0.9965681
3,0.9838117
2,0.94594145
2,0.9418784
3,0.9677124
3,0.9738695
3,0.9784882
2,0.9332253
2,0.9956488
2,0.9907528
2,0.989321
2,0.97334075
3,0.961946
3,0.9953512
3,0.99872416
3,0.9994986
3,0.99811304
3,0.9990866
3,0.9990609
3,0.999345
3,0.9986902
3,0.9992023
3,0.99841344
3,0.9976478
3,0.9984641
3,0.9990976
3,0.99880195
3,0.998128
3,0.99865216
3,0.9987097
3,0.9976866
3,0.99691486
3,0.99829453
3,0.99738866
3,0.9985203
3,0.9991117
3,0.9989813
3,0.9992411
3,0.9990779
3,0.9990876
3,0.9979519
3,0.99698406
3,0.9974502
3,0.9975885
3,0.99376136
3,0.98292255
3,0.9755771
3,0.97437584
3,0.9824218
3,0.99233764
3,0.99712986
3,0.9934946
3,0.98615175
3,0.99455196
3,0.99797374
3,0.9949739
3,0.996662
3,0.9978435
3,0.9992299
3,0.9992285
3,0.9989104
3,0.99949396
3,0.99931586
3,0.9969758
3,0.9775109
3,0.99374443
3,0.99878615
3,0.9995105
3,0.99967
3,0.9993686
3,0.9983955
3,0.9984041
3,0.99636495
3,0.99727124
3,0.9946576
3,0.99665606
3,0.99194396
3,0.97542715
3,0.97914886
3,0.9916048
3,0.9939294
3,0.99106324
2,0.979002
2,0.9926967
2,0.9822558
3,0.96504676
3,0.9796622
3,0.9786629
3,0.9942443
3,0.99648345
3,0.9970956
3,0.99782735
3,0.9895488
3,0.9934598
3,0.9907603
3,0.9920481
3,0.98481226
3,0.9766127
3,0.97806144
3,0.98914206
3,0.9975061
3,0.9964862
3,0.9969152
3,0.9979261
3,0.99747366
3,0.99627715
3,0.99596786
3,0.99802136
3,0.9987998
3,0.998901
3,0.99817693
3,0.99691665
3,0.9974178
3,0.99494475
3,0.9932876
3,0.9954645
3,0.9961033
3,0.9951225
3,0.9952296
3,0.9956434
3,0.9858538
3,0.9543965
3,0.96011275
3,0.97604567
2,0.9193418
2,0.9300851
2,0.8948252
3,0.8883135
3,0.9461713
3,0.97116524
3,0.9830511
3,0.99409324
3,0.9956351
3,0.99490273
3,0.9956916
3,0.9966928
3,0.9987877
3,0.9987484
3,0.9986326
3,0.99889827
3,0.9993759
3,0.9993337
3,0.99942315
3,0.9994381
3,0.9995468
3,0.9989743
3,0.9979298
3,0.9966787
3,0.99713206
3,0.9964424
3,0.9934098
3,0.99495727
3,0.9934615
3,0.9782713
3,0.9439719
3,0.9533836
3,0.9895321
3,0.9976052
3,0.9978637
3,0.99405164
3,0.99715364
3,0.99572706
3,0.96322596
3,0.9500802
3,0.966277
3,0.9770439
3,0.97975826
3,0.99116766
3,0.99538594
3,0.9983046
3,0.9989114
3,0.9985574
3,0.99807703
3,0.9988778
3,0.99812144
3,0.99674594
3,0.99319804
3,0.9925287
3,0.9932289
3,0.99529666
3,0.9934093
3,0.99108666
3,0.98781127
3,0.9821406
3,0.986024
3,0.9938572
3,0.9959168
3,0.99483466
3,0.99515474
3,0.99541134
3,0.9946085
3,0.9858219
2,0.9958443
2,0.99690586
2,0.9858283
3,0.9875888
3,0.9962076
3,0.9984043
3,0.9982774
3,0.99847656
3,0.9966779
3,0.9881975
2,0.9796576
3,0.9626753
3,0.9949576
3,0.9985905
3,0.99888664
3,0.9989225
3,0.9996158
3,0.9995135
3,0.99908626
3,0.9988675
3,0.99927205
3,0.998923
3,0.999046
3,0.9992545
3,0.99912924
3,0.99851745
3,0.9989679
3,0.9992799
3,0.9994165
3,0.99918884
3,0.9992637
3,0.99946433
3,0.9993299
3,0.9993339
3,0.9990532
3,0.9987423
3,0.9977976
3,0.99696666
3,0.9872874
3,0.98443455
3,0.9690048
2,0.96441126
2,0.9689447
2,0.97342515
3,0.9917014
3,0.9934777
3,0.9966042
3,0.9942437
3,0.9954874
3,0.99774504
3,0.998823
3,0.9985411
3,0.99639076
3,0.9984962
3,0.9984578
3,0.99894434
3,0.9992281
3,0.9987935
3,0.9982798
3,0.99793977
3,0.9932927
3,0.9948462
3,0.9962937
3,0.99798596
3,0.9981111
3,0.99767476
3,0.9987656
3,0.9987218
3,0.9974552
3,0.99748933
3,0.99419385
3,0.99296737
3,0.97971857
2,0.99614066
2,0.998708
2,0.999406
2,0.99543107
3,0.9436446
3,0.98813033
3,0.99340653
3,0.9957378
3,0.9979526
3,0.99745744
3,0.9935818
3,0.99425715
3,0.99773896
3,0.99829
3,0.99934167
3,0.99924433
3,0.9981318
3,0.99778444
3,0.9985446
3,0.9983342
3,0.9965145
3,0.99468046
3,0.9844706
3,0.9772604
3,0.99470055
3,0.99670535
3,0.9951584
3,0.99703443
3,0.9971517
3,0.99734145
3,0.9985398
3,0.99847084
3,0.9973677
3,0.99730873
3,0.99607
2,0.9747581
2,0.99226475
2,0.9697892
2,0.9204919
2,0.95031327
2,0.9553097
2,0.9399606
2,0.99823475
2,0.9996737
2,0.9999057
2,0.99991083
2,0.9990068
2,0.9903122
2,0.9848204
2,0.95406586
3,0.9854857
3,0.9936883
3,0.9972255
3,0.9982324
3,0.9990971
3,0.9994246
3,0.99890816
3,0.9964474
3,0.9977448
3,0.9930616
2,0.9463929
2,0.9978264
2,0.9978241
2,0.99153227
2,0.9952028
2,0.99604994
2,0.9900462
2,0.9982432
2,0.9991555
2,0.9996433
2,0.9997067
2,0.9974855
2,0.9837758
2,0.983288
2,0.9971717
2,0.979463
3,0.9955325
3,0.9975236
3,0.9980233
3,0.99762976
3,0.99806863
3,0.9965262
3,0.98955697
3,0.99214876
3,0.99633586
3,0.99567115
3,0.9912544
3,0.993978
3,0.9971668
3,0.99561703
3,0.9916448
2,0.96376616
2,0.9936591
2,0.9963205
2,0.96918666
3,0.92658424
3,0.9601767
3,0.9594335
2,0.92742753
2,0.9701891
2,0.9465448
2,0.9839436
2,0.9965515
2,0.9935952
2,0.8866021
3,0.9777148
3,0.9861567
3,0.99585116
3,0.9965334
3,0.997981
3,0.9964246
3,0.9987476
3,0.9990533
3,0.99806756
3,0.9975924
3,0.99886537
3,0.99926525
3,0.9963277
3,0.9966409
3,0.997781
3,0.9991153
3,0.9986671
3,0.99648297
3,0.9968952
3,0.9977912
3,0.9970155
3,0.99782
3,0.9984963
3,0.9989485
3,0.9981839
3,0.9967871
